,V,fitness,s,tau,AF3,AH3,A3N3,AF5,AD5,lambda1,lambda2,taquiónico,type
0,0.5369573915780563,0.0967967139240285,2.459242111292193,3.0947272010640288,-53.02905184443152,4.54056932789257,-55.45775156471653,24.162385374365257,65.93225808239191,0.0295698322365216,0.0853232254507448,0,1
1,0.2668919534387748,0.0244312317989283,2.459242111292193,3.0947272010640288,-11.945554429295951,2.7634348600829526,-12.89773282054628,-13.150724488269972,20.60913128712123,-0.0572799895395535,0.0497679586939355,1,1
2,0.0330501127137007,0.1283560610467648,2.459242111292193,3.0947272010640288,-51.70172892635654,-0.9206938274884352,-74.41018471457862,83.37120098720524,63.9494246813222,-0.1317533021550022,0.1766439198838099,1,1
3,0.0561955858471194,0.0271010787353554,2.459242111292193,3.0947272010640288,1.012571649540121,0.9461649237587012,-0.0004018501948479,-3.124418851493104,-0.0561596516143652,-0.0086552743801936,0.0556648118723743,1,1
4,0.3503856344281913,0.0483497732141209,2.459242111292193,3.0947272010640288,-69.84244389077045,5.136978629330159,-74.39638791518908,57.29805329108268,73.12770135188268,-0.0671845225233659,0.1151411224305041,1,1
5,0.4617078502503116,0.0737448015504771,2.459242111292193,3.0947272010640288,-44.65572588874487,5.79757531951546,-65.05210362311692,27.539499183174826,65.73314978255613,-0.0190008213678224,0.1099749948558108,1,1
6,0.6243283424024786,0.1597558282069455,2.459242111292193,3.0947272010640288,-91.29930257841896,2.0651839449433567,-82.26189638056704,65.58496442127958,99.50211737635404,0.0149583369416453,0.1394059471827162,0,1
7,0.006695849690813,0.0477293937704006,2.459242111292193,3.0947272010640288,-30.73079285986023,-2.328428353027462,-8.438633538794846,26.43934045285204,16.327473728668693,-0.0640574553107755,0.0407294903413313,1,1
8,0.4957651473627341,0.1325843194426518,2.459242111292193,3.0947272010640288,19.63469912389885,4.925482016337384,-0.2444821446666054,-50.91183853730152,10.0667421405104,0.0277068883086782,0.1368704512017702,0,1
9,0.6023059284791742,0.1058176909831315,2.459242111292193,3.0947272010640288,-62.421443047616606,-0.5463527471005705,-9.584199811851915,-3.321291409714462,49.23865929124551,-0.0533710160981369,0.0932993737041744,1,1
10,0.022482707959325,0.0526972088300104,2.459242111292193,3.0947272010640288,-44.09549343757582,1.4337861808428158,-29.25980147820948,43.92146794521631,26.86633117599051,-0.1374651778370539,0.1465950899634137,1,1
11,0.4383918505884548,0.0966663900579611,2.459242111292193,3.0947272010640288,-50.80754928631692,-0.0820000866262233,-40.97829178943293,23.75035288073859,59.86779463521182,-0.0800560608122165,0.1272019470992795,1,1
12,0.23973350699289,0.1147381613821058,2.459242111292193,3.0947272010640288,-35.90832097292011,4.963951921958426,-31.52331274516564,19.212247396294305,31.03492926420733,-0.1404897488299158,0.1999797518820626,1,1
13,0.4687735267478368,0.1091664032404683,2.459242111292193,3.0947272010640288,-44.4358858525552,3.269022237767061,-9.546472775683966,-13.543827676164,33.7377699510908,-0.1486579492483467,0.1361127630099896,1,1
14,0.631370494522062,0.0847045532388029,2.459242111292193,3.0947272010640288,-23.57419298702881,5.336104787507807,-32.052368200344404,-28.43541837845416,50.29227740588493,-0.1142592079711554,0.1295593303597587,1,1
15,0.2503371786721664,0.1191485677465395,2.459242111292193,3.0947272010640288,-32.528081829481565,10.739224176840011,-86.9785156542759,46.01306039386867,59.14367610258213,-0.1262090416672007,0.2293012399263891,1,1
16,0.0457926884819906,0.1251787409924146,2.459242111292193,3.0947272010640288,72.67923650589606,10.949356059059085,-88.34453592439566,76.06682197319299,7.703489497256939,0.3435946097859428,0.6734466096278866,0,1
17,0.5832218475343991,0.0742409497094245,2.459242111292193,3.0947272010640288,-62.060435928974414,6.147143125612061,-65.30313639508671,24.17540087690153,75.6791092342308,-0.0551321715554674,0.1077008151132474,1,1
18,0.0861566032606482,0.1351730753772269,2.459242111292193,3.0947272010640288,-68.7401761826026,0.9346107018234732,-61.37144426668936,90.59961278234442,53.7561085093719,-0.0742180312176869,0.2572478670894879,1,1
19,0.3313218714183142,0.0458308731281064,2.459242111292193,3.0947272010640288,-48.70418480016853,3.508926975743435,-60.42684919344108,40.12196860128117,61.02547484125142,-0.003292491587674,0.0654815450782308,1,1
20,0.1645136255193696,0.0730344445631592,2.459242111292193,3.0947272010640288,-21.33414620412668,7.491723862883504,-69.21145311382315,41.79864413208784,45.31360811844297,-0.0360062042316032,0.1566855958845994,1,1
21,0.395747118534998,0.1263518392091548,2.459242111292193,3.0947272010640288,-15.625835153123262,7.711345879053283,-38.93992317104217,-1.1045658428672596,34.24565558947913,-0.0578590394620389,0.1936631264981433,1,1
22,0.4803591301279056,0.0942425494844901,2.459242111292193,3.0947272010640288,-18.23299645873261,1.1945938058767922,-18.975670798431864,-21.37055421606692,39.75343481500039,-0.1504202675985813,0.1509693231684921,1,1
23,0.020050974277561,0.0429465855519948,2.459242111292193,3.0947272010640288,17.252907084639247,5.820980224901319,-26.393906308900057,-2.562330235721205,5.781336760981532,-0.091453266989584,0.1243995523102474,1,1
24,0.2341279754207645,0.0922702234020696,2.459242111292193,3.0947272010640288,8.301017855410421,9.078347793827549,-58.88626567800384,4.041707501058326,34.60401901362334,-0.1185546882318302,0.2043548456843058,1,1
25,0.141530664458174,0.0791615772998586,2.459242111292193,3.0947272010640288,-46.48813723429311,1.346464176860934,-65.14127537330134,67.9974309481656,56.12139269142057,0.0094542135742485,0.1188065997218315,0,1
26,0.2448845974594445,0.0698792259403397,2.459242111292193,3.0947272010640288,-25.833339174195984,-2.2080636072657143,-5.492912611640705,6.907662310254324,23.58182108934652,-0.0570283943064041,0.1173709668232262,1,1
27,0.3227963777673879,0.0191336564332368,2.459242111292193,3.0947272010640288,-32.09131343809301,3.4310388004707306,-35.459879790963754,9.638351710449683,41.47344973838037,-0.0484527794369959,0.0570759766185328,1,1
28,0.0789023385690715,0.1053653425599261,2.459242111292193,3.0947272010640288,-45.05752885481604,5.297331403007959,-66.25826364947642,68.0447883984574,46.26886863670487,-0.0723095259262692,0.2093185834260698,1,1
29,0.3173263159995443,0.0319623531332396,2.459242111292193,3.0947272010640288,-40.53291983780767,5.238317296145524,-58.091593164360525,29.020158043098636,55.018624863868126,-0.0620186852336522,0.0915997063136008,1,1
30,0.1229865698020692,0.1190567229213901,2.459242111292193,3.0947272010640288,-33.88406647579154,7.858066854951247,-60.943521568635525,42.35094396303904,40.43301546573338,-0.1608103781772197,0.2173263302114602,1,1
31,0.1291027435370222,0.1033247956479873,2.459242111292193,3.0947272010640288,17.24620411079532,-0.4334212948017324,-3.4488275059067632,-15.321640285477072,5.597581374852851,-0.1343557547444315,0.1892127036880325,1,1
32,0.2072977842581938,0.164683694801349,2.459242111292193,3.0947272010640288,-41.99983208054125,2.741833652734414,-81.58803294647822,84.3244505735037,63.131333717642576,0.0674602394778706,0.2551201176263939,0,1
33,0.3169502973933885,0.1116705273575872,2.459242111292193,3.0947272010640288,-67.58907827230705,2.9216702355719235,-56.78046897085965,42.25150433413037,64.91471286760469,-0.0896163599245298,0.0358154942576164,1,1
34,0.0823932083329764,0.1025808750348117,2.459242111292193,3.0947272010640288,16.77952032312085,6.417371231476608,-27.482577976651413,-14.121977680777391,10.592893257626583,-0.1709872921722558,0.1354153877986362,1,1
35,0.3402318973573379,0.0980579620327809,2.459242111292193,3.0947272010640288,-21.10383503528537,8.02119570688167,-77.91769324530371,32.972594987240825,59.01550041860534,-0.0318329647065151,0.1816805653872135,1,1
36,0.3362127860349171,0.0519211981445972,2.459242111292193,3.0947272010640288,-29.663317783635733,7.127805601883324,-57.441512655228486,17.551800840013712,50.1592949049568,-0.096905911954911,0.1346306100406066,1,1
37,0.2771496687450475,0.0358884659326072,2.459242111292193,3.0947272010640288,-39.94409042236964,0.4237155700802475,-32.09248709189184,23.73984356434309,42.64297631251733,-0.0178998398409137,0.0525873486239051,1,1
38,0.0428864590714133,0.0214831813671678,2.459242111292193,3.0947272010640288,-13.080951642311176,4.157678871112225,-47.71548537657768,29.545797853495287,30.784645357152016,-0.0740663606556385,0.0866239241244432,1,1
39,0.3766733550607732,0.0480240118729493,2.459242111292193,3.0947272010640288,-54.691149866972296,5.653389615314211,-78.46681133570365,47.25291408434538,73.72007712052925,-0.0479925408680887,0.1013216628308332,1,1
40,0.0060959806411652,0.026138775404084,2.459242111292193,3.0947272010640288,-27.70210562427448,-1.0971019451977495,-29.09129386668729,39.75644092290884,27.088906880447183,-0.0437870175166982,0.0670170167942942,1,1
41,0.4934748531031849,0.0666421663713444,2.459242111292193,3.0947272010640288,-44.51950404636682,0.1886766989851622,-27.04745760887549,1.1852557888101956,52.5319003951945,-0.0920103498966375,0.0909968958511606,1,1
42,0.3329690585468896,0.0294765407777513,2.459242111292193,3.0947272010640288,-60.91504908617866,3.8270576653864903,-60.03770492866033,44.15939043948464,63.28793505036924,-0.0479955907420525,0.0751773660001212,1,1
43,0.186761625260115,0.0196578335965678,2.459242111292193,3.0947272010640288,-14.22886285352807,2.029872793323221,-15.362531454334912,1.3402332402332462,18.950881482232877,-0.0141166464296495,0.0413233216419548,1,1
44,0.545451993417535,0.1557769059856844,2.459242111292193,3.0947272010640288,19.021117592977447,8.750253701720396,-15.447458305447654,-51.83939496624505,17.036725200185444,-0.036956629937697,0.1957541811845508,1,1
45,0.0302339605469436,0.0232869623905463,2.459242111292193,3.0947272010640288,20.032333861339424,3.994876600357912,-12.257202545615698,-12.812591655212527,-0.6031920069202954,-0.0752142083108751,0.0922176914210448,1,1
46,0.4852949766216973,0.1333210329937948,2.459242111292193,3.0947272010640288,-23.422756229834192,6.385871653921015,-57.44935751846418,16.927234649078486,53.64956799451295,0.0731008102116337,0.1455973428487867,0,1
47,0.3428797794779298,0.1219719618072605,2.459242111292193,3.0947272010640288,-7.582359863284793,2.146393987725432,-33.56889854257379,-5.227137240495168,38.53256961267024,-0.1656413224207191,0.1992167849200012,1,1
48,0.2099115055799377,0.1107024090953892,2.459242111292193,3.0947272010640288,-38.36143032782526,1.883856719705193,-10.438962605535778,6.495582524106311,22.75626010466325,-0.1552087163795823,0.1178684032413825,1,1
49,0.324177754001259,0.092804668268494,2.459242111292193,3.0947272010640288,32.76341960954406,7.06793280233731,-8.733387951448137,-46.92445283319741,2.4961559729770784,-0.0599176637265308,0.1670779047195034,1,1
50,0.1593133066995159,0.1199455676746759,2.459242111292193,3.0947272010640288,-15.681952986688913,9.58486561583851,-93.53902914018244,66.42793156269511,53.13067296919982,0.0766265697687622,0.2237609524918157,0,1
51,0.4715644217708849,0.1215183288989027,2.459242111292193,3.0947272010640288,-40.94142987371241,7.025568198308108,-87.27050593991791,28.09510451119874,81.60134176208251,-0.2090791469404716,0.2049900174712726,1,1
52,0.2652677241405071,0.0508612036817291,2.459242111292193,3.0947272010640288,-5.340119067858382,2.322877676853949,-17.063685399417565,-7.174020922521578,21.12975654185601,-0.0123803293862052,0.0829857340446777,1,1
53,0.1534001016909097,0.1970925759284956,2.459242111292193,3.0947272010640288,77.2593879397769,11.996725333553798,-22.062809354089595,-31.28402144521145,-21.57316149094926,0.1034249101236784,0.3302253696268967,0,1
54,-0.0438845102691566,0.1060894491038447,2.459242111292193,3.0947272010640288,-2.073733938737803,2.478193916770934,-28.104025722688306,21.62986338495392,12.981801559402612,-0.0264586916924995,0.0532387866893623,1,-1
55,0.0448121608208499,0.0398254809334369,2.459242111292193,3.0947272010640288,-58.74632376896738,-2.459817479651477,-43.048187415940944,64.63900580034814,47.6265242875524,-0.0749921722944346,0.0651031779272391,1,1
56,0.4145324548098084,0.0748438580589821,2.459242111292193,3.0947272010640288,1.8798862180453997,5.834663885156459,-31.43203644233965,-25.95519799356542,32.97604158302124,-0.1424332099855212,0.1652389349237097,1,1
57,0.3142628985861238,0.0880433151260467,2.459242111292193,3.0947272010640288,-28.71329559956135,3.674520522229869,-16.11284240524182,-0.4147012461777137,25.138892973974663,-0.0982086053886132,0.1530414614872197,1,1
58,0.5209051115869939,0.0718211572854442,2.459242111292193,3.0947272010640288,-87.70420378024812,6.993004463517053,-93.36817736616403,56.72280754491212,97.11659335171407,-0.1304468725201358,0.1102745580261792,1,1
59,0.004632141212274,0.0379160828008835,2.459242111292193,3.0947272010640288,-26.158887227773025,-2.254748933826207,-8.960340291145698,30.12430694949373,13.857798294079627,-0.0557869411397596,0.1043005976852179,1,1
60,0.0419081968861874,0.1212593641572502,2.459242111292193,3.0947272010640288,76.64065313034968,7.767122557497032,-7.455662492427734,-37.08331296794636,-26.37312913179632,0.053456626315422,0.2239993502887836,0,1
61,0.038677503892869,0.1270998937297287,2.459242111292193,3.0947272010640288,-38.28600080024187,9.602165337160272,-98.7833119603566,82.86079467926885,58.04042559222026,-0.0834581201026141,0.2397751213979853,1,1
62,0.2659115354041008,0.0792885131270006,2.459242111292193,3.0947272010640288,-16.450449767326816,5.440016290319917,-45.58285815681737,19.989166117412395,35.93915418396088,0.0258911132740286,0.121783359199227,0,1
63,0.0582060500999815,0.125504666961825,2.459242111292193,3.0947272010640288,-83.48068856730933,-1.6136159417218892,-52.94154452326918,95.61218704962904,54.98859137154884,-0.12946320379189,0.2461988096358801,1,1
64,0.4900592295152745,0.1011070625252923,2.459242111292193,3.0947272010640288,-20.526553377719665,4.956180201914435,-5.061758618522248,-36.9169349099433,24.669536316152147,-0.1318299292456889,0.1154849714425805,1,1
65,0.1414039933201622,0.0479237917961898,2.459242111292193,3.0947272010640288,-43.70911147264008,-0.6354498629383727,-42.82016999129109,47.99638233305089,45.319039963754136,-0.0434164776715378,0.0900235235084817,1,1
66,0.3130813045736453,0.0598091747693836,2.459242111292193,3.0947272010640288,-8.558615913574712,7.365707843389927,-41.0014501031577,-4.764958426742453,33.14957196377006,-0.1063643786374644,0.1462542115563314,1,1
67,0.2153542454840198,0.1431290686637233,2.459242111292193,3.0947272010640288,-11.78072327964695,9.882277046116954,-45.86063189409918,1.323582593195198,28.79632652060121,-0.2276838807765385,0.2214318147270815,1,1
68,-0.0004957252635076,0.1312063267162152,2.459242111292193,3.0947272010640288,48.88244185316145,10.950429104451146,-95.79729671536268,87.87758639858339,18.3456382066623,0.3062907307643477,0.5656127237194302,0,-1
69,0.3066258046480778,0.1314109259131651,2.459242111292193,3.0947272010640288,37.2704581211793,10.03258495003206,-18.43477369287531,-46.64139201614999,2.4660274601208982,-0.1141967035556588,0.2226363270122794,1,1
70,0.1092848910657699,0.1094567314579423,2.459242111292193,3.0947272010640288,-34.467750860532604,-2.86439619924856,-34.82413704217382,39.07781367130124,41.44803081740224,-0.1701411938397329,0.1687620716841542,1,1
71,0.4310412287810966,0.0278932944616939,2.459242111292193,3.0947272010640288,-50.9789142549731,2.6465527475156136,-32.93705686084289,11.099827477008574,50.229761046665885,-0.0499319635197929,0.0504362624693984,1,1
72,0.4697768404180815,0.1135934144512559,2.459242111292193,3.0947272010640288,5.376106630197739,9.729964280678644,-40.76122744149938,-28.547804415587507,33.692032724906426,-0.1247658957344863,0.2032074488154421,1,1
73,0.4138918969146649,0.0562521486763001,2.459242111292193,3.0947272010640288,-60.49514152308755,-0.0455177191103217,-39.65233504447684,30.249711994685757,59.59794299979606,-0.0293678756720643,0.0632509909474657,1,1
74,0.1145499624425099,0.1809734824251536,2.459242111292193,3.0947272010640288,-73.45021438104277,-1.8328199745882188,-47.41867373472073,63.119380354647376,57.758207042170426,-0.0719308442919047,-0.0137005044316465,1,1
75,0.369969725657792,0.0989615336473235,2.459242111292193,3.0947272010640288,-37.61134224477083,2.2368093111546585,-54.640723771564645,29.031994405081093,58.85094868495358,-0.0726340051408917,0.1503046270308313,1,1
76,0.9133639289443332,0.146855170328461,2.459242111292193,3.0947272010640288,-89.78478352087281,2.3832938787887485,-36.50630622591304,-2.70491945857016,84.77524134438582,-0.0309697370128799,0.0524893601655901,1,1
77,0.5940674819551307,0.149632425722457,2.459242111292193,3.0947272010640288,-22.06887370118045,7.920954140828357,-60.284684081102114,4.243979616364896,58.84835804002694,0.0261155203837651,0.1771416069470332,0,1
78,0.5134848260738161,0.0785441471233693,2.459242111292193,3.0947272010640288,-47.19031410176386,8.156766530345465,-71.68550211845272,15.906450183322306,72.11210789365305,-0.1572347506413127,0.1436588403021624,1,1
79,0.5473728762152563,0.0955600595887865,2.459242111292193,3.0947272010640288,-19.74360739155152,6.591568715981964,-30.44036701940217,-21.338993737894512,40.45100514352541,-0.0594866156217648,0.1317498682766481,1,1
80,0.0301338547926867,0.1450172050370646,2.459242111292193,3.0947272010640288,15.60623713144082,5.991300912501004,-53.22655759390484,48.9710798999036,15.346626039136993,0.1410407682826931,0.2884055944769811,0,1
81,0.6606099147006963,0.0971757718465254,2.459242111292193,3.0947272010640288,-30.580869774156557,4.330873445285761,-5.145615450433851,-42.28774757439897,35.812898614673685,-0.0815691515426985,0.0935745183680529,1,1
82,0.4234531577834264,0.1061164577345557,2.459242111292193,3.0947272010640288,-65.93761373765298,-0.5255914845331517,-37.991842580364285,38.940817975935374,58.8921258726964,-0.0273034849692138,0.1333731911749719,1,1
83,0.2893711731538883,0.1169239087933614,2.459242111292193,3.0947272010640288,-50.79604237405204,10.19033159173884,-92.92614106322694,57.70466191721644,69.9343145109064,-0.1376422876576255,0.2252905244057366,1,1
84,0.2513628167345216,0.04827465347747,2.459242111292193,3.0947272010640288,-25.923048618052437,1.832329582355712,-29.282318873209437,8.122861905189936,35.78459846997271,-0.0746674851697301,0.0543348638853172,1,1
85,0.3813629609327777,0.0542572053990606,2.459242111292193,3.0947272010640288,-14.2921553686337,3.350807126041502,-3.211571761938984,-26.044770577865563,18.27610058676781,-0.0602264874653228,0.08708871892287,1,1
86,0.5619454382621193,0.0515596717166111,2.459242111292193,3.0947272010640288,-71.93927676998864,3.740813899259905,-63.4575066984216,32.61830021807913,79.89592452031542,-0.0278441960280153,0.0514544815932543,1,1
87,0.1314692831461941,0.1783603922735926,2.459242111292193,3.0947272010640288,28.4551744979278,12.88215646856014,-59.29484185123189,-13.970186923367535,21.799703209879183,-0.2767328511519349,0.2656703407182713,1,1
88,0.1111003865083747,0.1536641408708332,2.459242111292193,3.0947272010640288,-54.30417403952723,1.9105247537356287,-19.04579664536638,35.22204058434602,25.26383303253597,-0.2348491012157005,0.2425355883364844,1,1
89,0.1476691247175825,0.1383161450313696,2.459242111292193,3.0947272010640288,67.87748464493765,13.769932610921472,-94.04235472368956,76.6987831569283,10.849545707478155,0.358225614432326,0.7447923969947708,0,1
90,0.0976980075763658,0.0657068572645363,2.459242111292193,3.0947272010640288,-62.647264758776046,2.4375677870193613,-64.46076624796379,66.38300431389445,58.28711651307816,-0.0726179479921737,0.0402936114341034,1,1
91,0.280332937055452,0.0753495412309356,2.459242111292193,3.0947272010640288,-25.397870626684774,6.6295050739686445,-73.17320945398194,36.88038405364483,56.68530525419564,-0.0409525473538163,0.1508451617469398,1,1
92,0.1572174168902168,0.0739658536330815,2.459242111292193,3.0947272010640288,27.69186914325192,7.793919277889216,-19.85254837060428,-27.65606272682976,2.693383326235903,-0.119752201829878,0.1685709837877908,1,1
93,0.0907436378152845,0.1021039986833938,2.459242111292193,3.0947272010640288,-48.71263669075705,-1.9247933758730795,-22.381071392851,51.27613251138493,29.455934057996103,-0.0838061400132538,0.2033875178522281,1,1
94,0.3437224769450213,0.0170493001337973,2.459242111292193,3.0947272010640288,-70.68538479477704,2.255188859987584,-66.46386854882272,53.99756465971802,73.45419878250371,-0.02101038908373,0.0240768787552498,1,1
95,0.4261629789622279,0.0575816429064395,2.459242111292193,3.0947272010640288,-15.65194892302786,3.7339945549456672,-19.964865891465397,-22.819611570761083,33.11810022789123,-0.0991999299354373,0.0844347982576921,1,1
96,0.1027068522074969,0.1305140701062319,2.459242111292193,3.0947272010640288,-29.54196367072768,6.021722226574696,-40.59236411879241,31.951499944580263,27.202818027734796,-0.1595173445933258,0.223444699344674,1,1
97,0.0801385278454637,0.1070716688946367,2.459242111292193,3.0947272010640288,5.667138194150098,6.063776775241436,-51.00391649631646,35.99608635454524,21.867796111501804,0.1047190222275716,0.1709835740918613,0,1
98,0.2279782518932026,0.0600170034975293,2.459242111292193,3.0947272010640288,-51.14277209434515,-2.1981289152394936,-1.6894938088076683,18.83841838809792,25.460455051056925,-0.1211016722709444,0.1387728000690549,1,1
99,0.0069505224809123,0.1303691055654124,2.459242111292193,3.0947272010640288,68.00536439727577,10.406253281709128,-84.70037937916422,76.36403899321343,6.227903233752258,0.3232307663843634,0.6386704887403654,0,1
100,0.3450044637522188,0.0497867544939261,1.600149459561681,3.485910062937601,-49.18553278665768,4.851663317273008,-54.33126529272806,35.10794854502498,55.4541519707285,-0.0668114498775866,0.0464261563803485,1,1
101,0.7693440460122103,0.1349764452534689,1.600149459561681,3.485910062937601,-80.54268777813186,13.77379632350106,-95.3878242938211,34.51507946503017,99.1684248595172,-0.1153898277850854,0.1888294430954285,1,1
102,0.1021442716480444,0.1102230037072718,1.600149459561681,3.485910062937601,58.69599145431727,22.98259444492932,-66.45366617442748,43.9329944768445,-10.352338243932266,0.3611240043414847,0.6028471189001513,0,1
103,0.0763890095033784,0.080809856054259,1.600149459561681,3.485910062937601,98.0026648552813,13.750354649797616,-9.722793695241052,-11.018119228661448,-45.48140399939613,0.3786624541956832,0.7366766287705379,0,1
104,0.1864977922644608,0.0849165901951646,1.600149459561681,3.485910062937601,93.53574417176858,21.78723544888439,-49.36838090199731,-1.3054639760524935,-24.1701387301015,0.3765901712363519,0.8582172120517078,0,1
105,0.2066869552964235,0.0412565698091843,1.600149459561681,3.485910062937601,-38.84689712894702,-1.2782157974721855,-33.526222746349475,52.55387598145396,36.266043343433154,-0.077529658872526,0.1004554305296859,1,1
106,0.280699215088693,0.0761948208692362,1.600149459561681,3.485910062937601,-5.265264111403994,10.28362824205476,-19.617900928550085,-44.1203553621544,21.003140286686232,-0.1407797929909168,0.1792205750257988,1,1
107,0.0224742255610867,0.0443352470775902,1.600149459561681,3.485910062937601,7.757144557881418,3.689289667094229,-7.787000722390076,-5.45614363187677,-0.30284167545949,-0.0021221520530267,0.0891135820276794,1,1
108,0.2117096885397259,0.083411307603439,1.600149459561681,3.485910062937601,-46.49696946887594,3.891619483006537,-83.61522584900308,67.50742497615852,65.07446253493526,-0.111462158903712,0.1434159951333757,1,1
109,0.2489709464567501,0.1157210515809508,1.600149459561681,3.485910062937601,47.59299508305247,23.03551273263689,-97.87918376659272,91.7595444515278,10.501104316337305,0.5564106895013352,0.6563413974488981,0,1
110,0.6280053903574379,0.0926358368313318,1.600149459561681,3.485910062937601,-67.60627018379427,0.4436559172600738,-47.90582667081149,18.64821452593792,75.00021512516975,-0.0457912165476122,0.0365507304769175,1,1
111,0.1328353399498015,0.0235212979186086,1.600149459561681,3.485910062937601,-28.49684427154773,1.0858184306360243,-26.807050386005518,40.17960270723219,25.05399133919764,-0.0893041503291134,0.0934552063617721,1,1
112,0.2429622277379306,0.0479881181678298,1.600149459561681,3.485910062937601,-38.916309816060114,1.3811054669612446,-50.81428901794588,50.7061883013734,46.52557613743852,0.0027958634617133,0.0560159488268621,0,1
113,0.2937358210251701,0.0702124908242108,1.600149459561681,3.485910062937601,-58.30128239498231,2.5609068962064043,-76.67439260636874,92.52664791815656,64.3040117954346,-0.0168562892412098,0.1046471145581301,1,1
114,0.4879864172235182,0.0524591317895074,1.600149459561681,3.485910062937601,-40.6193837444873,2.6468553192706707,-23.971602261006023,-15.075574287037623,47.50530458042718,-0.0286111118759678,0.017343127379668,1,1
115,0.2745968954389159,0.0896281138462339,1.600149459561681,3.485910062937601,-37.19586474247891,12.728494013140406,-79.91353927401016,43.52102659410125,55.51476219210474,-0.1103815239946471,0.1961985449680543,1,1
116,0.2653790547523114,0.0712182386406091,1.600149459561681,3.485910062937601,-35.748911651309186,2.549223296561081,-41.14487258303239,47.39208494561368,38.65432105583741,-0.0255974018023125,0.1212886506998312,1,1
117,0.0382173284210936,0.1327352387943423,1.600149459561681,3.485910062937601,94.25613699257444,21.733706067120124,-89.53062037857418,50.66041798460478,-11.562011100050595,0.3013557163782027,1.038199127231174,0,1
118,0.5479801785551168,0.1365872645382046,1.600149459561681,3.485910062937601,-51.46874265071564,4.828092090682929,-48.12969288991692,-12.985635452816569,67.41745449096555,-0.1466760986726673,0.0966085035632859,1,1
119,0.683077204204772,0.093337576099097,1.600149459561681,3.485910062937601,-86.32159612995702,2.7247145286158627,-77.99808083444466,57.516072794183856,94.86579491605951,-0.0265337059975495,0.0469209751108118,1,1
120,0.2638340945049406,0.0651733964904163,1.600149459561681,3.485910062937601,-39.88375176932046,-1.125078593430402,-22.91544047312493,33.00703505679817,34.78921600734196,-0.1070777062831025,0.0860286885630906,1,1
121,0.4544634764728354,0.0949227860826618,1.600149459561681,3.485910062937601,-55.88053671143089,7.093577177283521,-84.86444913928777,49.51300388854261,76.8868310606548,-0.0478504327042978,0.1416445167388927,1,1
122,0.4207209892725526,0.0512609089600789,1.600149459561681,3.485910062937601,-51.58328624784312,2.6961364888835817,-49.72881427321303,25.314805361587677,59.76441138749021,-0.0287691105840725,0.0156848682120445,1,1
123,0.2360249394786369,0.0656350351228766,1.600149459561681,3.485910062937601,-4.159159996006224,6.325111641614882,-16.766875336514133,-21.236563303419075,17.164933692736255,-0.0264782663111027,0.1321721707040468,1,1
124,0.1825950092662619,0.100742489412897,1.600149459561681,3.485910062937601,-13.967633064841207,6.701005546100404,-21.747568669321566,-19.679841167571425,22.448981578914257,-0.1411792094514235,0.0927058183768407,1,1
125,0.4701959852629287,0.0377829166413457,1.600149459561681,3.485910062937601,-45.28332600077574,5.393748177681729,-42.09903552595898,0.2634710505710131,55.29190579129471,-0.0628754896090292,0.0555893401150434,1,1
126,0.044300371053644,0.1097420999299924,1.600149459561681,3.485910062937601,-0.5128275694762436,0.5350765427533304,-22.240393429275144,42.97819062369544,7.623519634400935,0.0538952906149134,0.1823255815352805,0,1
127,0.3003865480285729,0.0591800303961485,1.600149459561681,3.485910062937601,-41.07719293840613,2.434864340043092,-28.498852605032766,32.51106235325048,36.36337785241156,-0.1371176184859153,0.1375971299360718,1,1
128,0.2296803958464364,0.0800256681539299,1.600149459561681,3.485910062937601,-32.5852557352364,5.411383507025221,-65.78519818100392,56.96200291595693,48.02161763549592,0.0327465098650773,0.1151265679746689,0,1
129,0.1137378136248849,0.0853206485664269,1.600149459561681,3.485910062937601,-35.182057623922546,4.161795995845637,-73.02117669829389,52.99964970720456,52.82102628106961,-0.1519456067474054,0.141988159826192,1,1
130,0.1010499284771992,0.103487153495524,1.600149459561681,3.485910062937601,75.5311578542593,24.752146893721672,-76.39260542409076,26.409527318493645,-9.290677181672407,0.3029118153545371,0.7767982027314388,0,1
131,0.0945192034408684,0.0989322794114374,1.600149459561681,3.485910062937601,97.48389626178256,30.44746552332745,-69.19188721596363,25.79515037991098,-29.706830959773512,0.4683241897314265,0.8370677115660818,0,1
132,0.0408325420460404,0.0937610954391407,1.600149459561681,3.485910062937601,81.7191909200827,23.35740746982273,-79.91498203697009,84.69468383336076,-21.06866534294305,0.6135074339207869,0.7274653380575871,0,1
133,0.0163602760592652,0.1158293434358484,1.600149459561681,3.485910062937601,5.981763278934778,3.6585924249210393,-23.57706381993248,-16.526670053218112,13.156435802461374,-0.1946038435448665,0.2176794396462187,1,1
134,0.0347653425592542,0.0988375977295206,1.600149459561681,3.485910062937601,-14.442881166405371,-3.4752469491676123,-22.94634255805656,56.60743830713176,15.42504776736284,-0.0408080609814008,0.1747714138217767,1,1
135,0.3877996840111388,0.0518745282322511,1.600149459561681,3.485910062937601,-47.65562491845472,10.769253293827449,-77.2165634950156,24.547895535467237,67.17680432885814,-0.151805858850666,0.1546291214884892,1,1
136,-0.0022041267554503,0.0482770565113043,1.600149459561681,3.485910062937601,65.25490468524691,17.806883964507975,-78.08782955325181,76.74310488235051,-9.007592811672495,0.3961227708838802,0.687864016247215,0,-1
137,0.0747188664935797,0.0776448341877676,1.600149459561681,3.485910062937601,76.99821684692373,16.48044390240635,-33.138796464165765,28.88420392645756,-31.486199958038117,0.484713260487505,0.5772443904185239,0,1
138,-0.0099701850015467,0.0862381213763475,1.600149459561681,3.485910062937601,65.45016709046564,18.727109635820938,-58.42118424584809,71.42513481555903,-22.601745495433164,0.4837106492049173,0.5590874903526742,0,-1
139,0.0345531558223237,0.0123422036053758,1.600149459561681,3.485910062937601,-17.68349882868459,2.396343328956192,-38.63588488758185,33.800843145145336,25.488143617778206,-0.0536184312863016,0.0572703651147884,1,1
140,0.4743171270429867,0.0734341094630165,1.600149459561681,3.485910062937601,-75.6842843575329,3.318265272021719,-94.12007930272569,76.81745011739744,90.89866705094023,-0.0524080831442035,0.0717594029424074,1,1
141,0.4700281667963435,0.0579128257363017,1.600149459561681,3.485910062937601,-60.684535057374944,7.4551026096603294,-81.82742568193098,49.15977245180275,76.98665725039444,-0.0420039960509068,0.0943214473914631,1,1
142,0.5228805602508161,0.0702888933760616,1.600149459561681,3.485910062937601,-29.696355510751037,2.80408909141066,-13.35818935016907,-36.45781350903021,40.67639630662049,-0.0312672097963966,0.0789426228218034,1,1
143,0.1253904331968427,0.0627191816607442,1.600149459561681,3.485910062937601,75.5965741524897,25.28642588703147,-83.62629061947071,50.33555702364311,-8.948336883169333,0.4308864315719561,0.7805932478219584,0,1
144,0.0163547404848337,0.045581434124161,1.600149459561681,3.485910062937601,-16.61496679405525,-5.409014620629307,-0.8305222508134875,39.826164114043706,6.190512125284144,-0.1308972592684589,0.1386368357174749,1,1
145,0.0397491316386748,0.0915500502805646,1.600149459561681,3.485910062937601,14.689938929594732,7.1258937017151,-10.7992262112854,-6.123102869279435,-4.297746696987701,0.016856569112968,0.1605696744243419,0,1
146,0.1337308823357428,0.0571660863370397,1.600149459561681,3.485910062937601,-40.664904837553536,7.129145367235921,-86.54901827448563,89.0299281493026,54.66185902337199,0.0008739528772421,0.1080039762267635,0,1
147,0.1424182115983349,0.0837760008948513,1.600149459561681,3.485910062937601,-14.138565084606851,7.47341963829497,-53.07379048125087,38.49418178490637,30.448376536488357,0.0229867081151468,0.1533619791383024,0,1
148,0.188760061226195,0.1082048447927195,1.600149459561681,3.485910062937601,67.02659106359275,16.890068953579302,-52.48191664442511,45.37306419575398,-14.53471452968968,0.4838331469217957,0.6643849250041938,0,1
149,0.3898731806682336,0.1284356114815402,1.600149459561681,3.485910062937601,-23.774809163933316,14.341049918583964,-58.05120066421872,-10.046356978286312,46.99142626655083,-0.1352240431465144,0.2431490729275471,1,1
150,0.3522840769023767,0.0488559239007886,1.600149459561681,3.485910062937601,-27.173022960486563,-1.997190473972239,-7.182033200506993,-10.952559393976529,30.77556431556025,-0.0589067103994565,0.0721255036742131,1,1
151,0.3248258958166046,0.1054466567443524,1.600149459561681,3.485910062937601,79.24238267279057,34.18714454682933,-89.80825928314742,9.227558974574436,-2.2397843776414703,0.3694689477158741,0.903641895783984,0,1
152,0.0024349235204674,0.0480155420030575,1.600149459561681,3.485910062937601,-23.41088110671879,1.8430303141830533,-52.19244165641756,76.07886615645688,28.558972956494983,0.0216965541544528,0.0754584034502257,0,1
153,0.2040624331960399,0.1065754509811934,1.600149459561681,3.485910062937601,53.04250538064554,24.31337412104419,-76.78583089340299,60.27664998828303,-2.652656708276566,0.4357173463303666,0.6434496348840061,0,1
154,0.259737857563792,0.0933471551127368,1.600149459561681,3.485910062937601,2.374754722854689,7.907364396989209,-14.482761709230076,-50.22122234243322,17.449489627768628,-0.1301232806023013,0.2055536550572373,1,1
155,0.470188594174831,0.0581490739290281,1.600149459561681,3.485910062937601,-71.89198790589049,3.4772281350346788,-69.42061902199806,64.6792747841049,74.62693617085458,-0.0899616261828885,0.0803849141874259,1,1
156,0.0863375221921918,0.0700405907360962,1.600149459561681,3.485910062937601,-36.30119297358141,-0.0182632750463511,-63.14231196896092,87.27122508780312,43.68611451081725,-0.0096220799546636,0.1044070796260697,1,1
157,0.0723969137586435,0.0877360193779684,1.600149459561681,3.485910062937601,-13.199627112671507,5.860305487389965,-41.70156104791536,51.285118935196266,19.59913622823042,0.0038622401471034,0.1615634518174245,0,1
158,0.0804745492449509,0.0639647945127554,1.600149459561681,3.485910062937601,91.52513249616752,19.23613300401597,-25.7292113952941,-8.082290184822966,-38.29474922435392,0.3953802824450666,0.6688116218918659,0,1
159,0.0414096797719046,0.053799193909578,1.600149459561681,3.485910062937601,93.45679186701446,19.885313461956315,-32.156087022619374,1.4197009192360497,-38.43003104490374,0.4004221910349257,0.6896973989960735,0,1
160,0.3594994786215529,0.0857531832789054,1.600149459561681,3.485910062937601,-44.56062932021312,13.3109892531277,-86.12260232630241,26.385115391388357,67.97551376856802,-0.1846471990205232,0.2040895482674396,1,1
161,0.0589401696767499,0.0542282579170112,1.600149459561681,3.485910062937601,65.34660513923484,25.072943378133573,-83.22512793884219,62.35783646861225,-8.892463473117402,0.4049579710130793,0.6764319935079333,0,1
162,0.4453162213915009,0.140897672079953,1.600149459561681,3.485910062937601,-54.53762042588038,5.979533485092887,-44.84783676126397,41.02792801219795,51.80057540276866,-0.171740587336214,0.2118922992394067,1,1
163,0.0269709973067274,0.0696615759022703,1.600149459561681,3.485910062937601,90.01264459062656,20.68482621343577,-74.77529747923059,56.6141202403476,-20.105094596452886,0.4207882738917842,0.8777252414410394,0,1
164,0.239843032618056,0.0727585519811721,1.600149459561681,3.485910062937601,-28.28265005891004,1.885776525920676,-43.61546487390675,34.55559891876874,39.64819755053128,-0.004843859823438,0.1050077595760203,1,1
165,0.2268142696803153,0.0990413048549859,1.600149459561681,3.485910062937601,53.1897334994068,22.222341640726498,-64.92957298569922,43.7212510908015,-4.6102278172244695,0.4303028925905215,0.597479286133714,0,1
166,0.4524916408431539,0.1293454798976887,1.600149459561681,3.485910062937601,53.84967587118564,26.65976539846844,-79.15992345829261,15.359915393605776,11.930006599187266,0.4028277578196332,0.7436444545966945,0,1
167,0.501264460484633,0.0456269636096255,1.600149459561681,3.485910062937601,-62.23536761422693,7.853165389550853,-70.55480771232087,39.020029460998416,72.44153260893225,-0.0808295494880483,0.0968816110152795,1,1
168,-0.0089834499788262,0.0912654472189339,1.600149459561681,3.485910062937601,92.66614117952446,21.406147137470725,-66.69762643536978,65.26379272061817,-30.196418591068635,0.5441578206696329,0.7790413801179454,0,-1
169,0.2531909209195832,0.0752200642768483,1.600149459561681,3.485910062937601,49.45453345934772,23.128413273358262,-91.16769352896245,57.91234770547129,11.76466119968569,0.3978920977990003,0.6906912472486411,0,1
170,0.0563575991216092,0.0263704868893115,1.600149459561681,3.485910062937601,-8.816487837980304,3.1284807340166765,-12.799861500391444,12.965240040582302,8.110969109089751,-0.0661640412984222,0.0852195191030241,1,1
171,0.0940727050792942,0.0630950265028035,1.600149459561681,3.485910062937601,67.6452854843478,21.770645554780984,-71.72902007838499,56.513353679561504,-11.930252437039982,0.4560391736643495,0.6577822239400555,0,1
172,0.0604338191479894,0.1431840144103731,1.600149459561681,3.485910062937601,-4.689559589004546,7.565031071929383,-67.32827459844094,55.79720824928757,30.290047905881124,0.0174224328620362,0.2638597761127674,0,1
173,0.7700773005261154,0.0936897783250347,1.600149459561681,3.485910062937601,-53.29886397711159,8.116567264436924,-42.20652124889418,-47.10626031521468,73.61982790907601,-0.1362485402459789,0.1377914629014951,1,1
174,0.2192728777228518,0.1383123075141101,1.600149459561681,3.485910062937601,90.32949915664088,21.900185792962475,-60.60883984167826,34.512754447965165,-21.340391272180558,0.5313815722085451,0.8610509058521769,0,1
175,0.4738186541556162,0.0654546336210782,1.600149459561681,3.485910062937601,-72.44801220746561,6.2217197783866425,-92.70568898583838,80.33843542850269,84.72374233092486,-0.0066620992805744,0.0730364133043499,1,1
176,0.4034788965482188,0.1098295284960059,1.600149459561681,3.485910062937601,-20.269003321808924,8.740199558370847,-23.11322262491639,-52.00435291077501,36.45333135271633,-0.1821490243967977,0.1474908921405131,1,1
177,0.6390781043920875,0.0685794176170374,1.600149459561681,3.485910062937601,-74.36252366643738,10.52367200141522,-94.39731473227314,33.7786066363102,95.8087609426208,-0.1238504554714561,0.1336046880502819,1,1
178,0.2682636179677585,0.1275298528378383,1.600149459561681,3.485910062937601,59.40048252526936,21.64316351612993,-45.744691379353455,16.734143788077958,-13.17539163923172,0.4224928469801906,0.5898725348914414,0,1
179,0.4601747935260819,0.0470232978944911,1.600149459561681,3.485910062937601,-60.534450051362754,7.8279016523951555,-67.66211601840891,39.7322059036683,68.4712172968604,-0.1074224608288778,0.1021518330263746,1,1
180,-0.0058768435167133,0.0507129129602758,1.600149459561681,3.485910062937601,97.59644571174348,26.769290461252535,-91.51836409754888,50.74769986470488,-18.3712761961482,0.3780977429382005,0.950755051280059,0,-1
181,0.4104240205735622,0.0710094789883371,1.600149459561681,3.485910062937601,-14.909533663086677,7.041254506098355,-8.191530957272647,-41.56853522195696,24.08723113738964,-0.0483738708190896,0.1178949588299381,1,1
182,0.1081787687066706,0.1035459091158003,1.600149459561681,3.485910062937601,48.97894968753474,20.250942857872545,-78.46286413721263,97.7704445657146,-5.430732701875527,0.4735223365865854,0.6288321851675811,0,1
183,0.757590108338331,0.1109115523570184,1.600149459561681,3.485910062937601,-57.30319151644699,10.101796432314783,-38.99075025974032,-35.93056735057942,68.45382303351428,-0.1387992789196164,0.1271098469502012,1,1
184,0.014917098012554,0.083441147376604,1.600149459561681,3.485910062937601,96.55063325364446,13.603281156674017,-20.64208149477153,20.441796539925814,-45.18784953010202,0.4388461203105294,0.7395805063969205,0,1
185,0.0908331431018549,0.0586518928987917,1.600149459561681,3.485910062937601,-9.53922313863768,5.429028454571338,-16.053493668551155,10.570802101104192,9.582088011380437,-0.0974038970671355,0.1328054751915241,1,1
186,0.1380075923922987,0.0701180941692013,1.600149459561681,3.485910062937601,87.9595684949876,27.94214593165576,-88.47604064439716,43.63699501304083,-12.112277372590412,0.4408883859592927,0.8928485697103636,0,1
187,0.0061937064377156,0.0499355147398743,1.600149459561681,3.485910062937601,-15.116782255296798,-5.512631524974964,-12.827595789737302,37.87628257095594,13.88412211968648,-0.1012352103192915,0.1143367357651119,1,1
188,0.2012065528772654,0.0749598065752158,1.600149459561681,3.485910062937601,-29.8065307956288,-3.4458758525811533,-10.516076495388347,20.639331103811926,25.244068108571582,-0.0921872739479486,0.0618115092472273,1,1
189,0.1905392712632932,0.0362375866467249,1.600149459561681,3.485910062937601,-14.23622083804949,2.08226260947346,-21.2793727049846,-10.831066605349733,25.76097601481013,-0.1102683553241911,0.1089356326591496,1,1
190,0.2355632799639992,0.0915158568951878,1.600149459561681,3.485910062937601,65.93936147308804,27.67608185506387,-99.48757628450348,62.097276780670086,4.172138585712887,0.4704800644021396,0.8025885959158099,0,1
191,0.0090159210122701,0.0798307977938235,1.600149459561681,3.485910062937601,58.13845089688303,15.483909962961365,-55.43704386875636,86.51469907788243,-20.399556446625027,0.4605086483840304,0.5860102351405594,0,1
192,0.07421181934179,0.0102162553417772,1.600149459561681,3.485910062937601,-20.870353660571823,2.726778312785456,-29.530033422580274,34.174369056965844,21.375434427810845,-0.0572867169003507,0.0613946540957196,1,1
193,0.3794872638520459,0.0738951170433452,1.600149459561681,3.485910062937601,-14.932542494540414,7.55040178822756,-21.18023608175132,-30.13649598280988,29.235309861461417,-0.0432746236013793,0.1375167303659185,1,1
194,0.4433381037878445,0.0407107224780702,1.600149459561681,3.485910062937601,-48.2542226214638,2.578700460376936,-44.488845043111766,19.486062037621195,56.71394941650237,-0.005844705409265,0.0247655585662653,1,1
195,0.0231481269918911,0.0401616508905293,1.600149459561681,3.485910062937601,87.68340772645061,27.754133831273837,-99.03887869774756,62.22370587325443,-11.543870275953296,0.4042999262927211,0.8962016481887776,0,1
196,0.1382119471266591,0.0930253150778693,1.600149459561681,3.485910062937601,-12.66577106738697,11.128511561395811,-48.73375845706647,19.002649254259424,26.58936367451776,-0.0917584073425168,0.1905985173238247,1,1
197,0.3190187023303105,0.064872199754889,1.600149459561681,3.485910062937601,-65.91319674497782,4.474657391882857,-99.78129078152196,98.94182094863795,80.58635301298764,0.0013536143887233,0.0667319631340347,0,1
198,0.0838174925462637,0.1028530850172038,1.600149459561681,3.485910062937601,80.40110370118771,18.60697653128645,-24.82969918556745,17.77536998188822,-38.44181114497085,0.4863932577858498,0.5680646205516158,0,1
199,0.0688618903927509,0.0682354249698672,1.600149459561681,3.485910062937601,-2.3557516841097907,5.967351273086564,-16.421367863768793,8.689503442876486,5.941248822828356,-0.0515308714648816,0.1363993139670121,1,1
200,-1.7444707808159985,10.153058257433567,1.053781742958659,1.4533862399266009,94.49031479014988,54.06397856753475,-97.2619301110271,-7.793812542471045,-42.039073411371895,6.518014398651804,43.44210367350182,0,-1
201,-3.3519287182185926,14.24465891662513,1.053781742958659,1.4533862399266009,31.76597251087728,9.434581605645349,-33.4313757938302,33.57212841563674,-34.09844205302062,8.633769896316965,29.764045404374272,0,-1
202,-4.1609972271082425,11.469135130094928,1.053781742958659,1.4533862399266009,33.32828028375704,8.592542367952746,-31.16920762840292,21.076855442484145,-31.325897972947946,6.8207236061427015,16.329156988549364,0,-1
203,-1.0137303907166872,6.344576427340305,1.053781742958659,1.4533862399266009,10.395606073273171,19.14257184568639,-87.25457792521036,31.22117947827712,27.778981161432625,3.906498995098567,13.44981930814138,0,-1
204,0.2069703049677409,7.636015077769832,1.053781742958659,1.4533862399266009,6.746866546771031,14.923716607375011,-51.8535262533801,24.32641911276832,11.599402984809132,6.141260762697227,15.608689705347354,0,1
205,-2.4884704475225643,5.072204238516823,1.053781742958659,1.4533862399266009,44.36397313431942,29.54763909768701,-72.67320743075061,17.50793268258238,-17.242303387308567,10.602662139877108,20.51279669003224,0,-1
206,0.6209749754728247,2.1066806884723217,1.053781742958659,1.4533862399266009,-0.4747120166261425,19.26650310077112,-87.19263819279352,26.887227569593847,43.211201211800926,0.9107240401061096,10.906183004329115,0,1
207,-4.818904124139721,11.959633970741624,1.053781742958659,1.4533862399266009,11.135541537126954,2.721625991465544,-34.10325630651042,45.16953084462142,-21.46204870091897,0.5157629699469268,23.734258543605232,0,-1
208,-2.0562343224518465,4.210458935066107,1.053781742958659,1.4533862399266009,90.95745095953146,46.08211558689854,-44.3008931645256,-28.2313279743762,-65.9598152370875,2.781052805275454,33.99247263867798,0,-1
209,-0.5494210355409415,6.905090987840032,1.053781742958659,1.4533862399266009,44.00790265925164,29.66991145066621,-72.82996875442001,10.990204478009275,-8.043315824360945,9.577178622939671,23.78591848996408,0,-1
210,-5.958639507660289,15.075940208650287,1.053781742958659,1.4533862399266009,23.262824739221813,-4.348150694160722,-28.7711557458899,54.963909530882205,-38.17570165553092,2.3018982012349056,36.05711819911488,0,-1
211,-1.4584081190185705,10.86425758382875,1.053781742958659,1.4533862399266009,53.24382094185751,22.15511873257219,-33.46741076841303,2.245997166372703,-39.533786474379305,13.001183792424833,23.31590491063497,0,-1
212,-1.9825539195316164,8.640151747926458,1.053781742958659,1.4533862399266009,-5.885652106477494,-1.5628289377320357,-51.54707447883216,45.32386673751466,18.313815893285263,0.7978556971883872,17.08629505980783,0,-1
213,-2.3815850671078005,6.569415751939628,1.053781742958659,1.4533862399266009,29.650845017451417,19.71191989524111,-70.41418875345886,30.483901126113267,-5.77434267069404,12.45998324228126,18.29887316919001,0,-1
214,-1.7096436619913868,7.521752763923521,1.053781742958659,1.4533862399266009,26.768106634001555,14.999943714501484,-16.52543367005299,2.871504158997596,-27.16931110152872,5.90234066456151,10.69618917644755,0,-1
215,2.707511557020184,15.27490460022555,1.053781742958659,1.4533862399266009,34.3068993086591,27.419704234694976,-42.039454571980215,-12.998311423603326,-1.8352324925088368,5.196867285475659,18.856624779173988,0,1
216,-0.242112201481774,2.094399684932265,1.053781742958659,1.4533862399266009,70.60614911750636,40.20144880381801,-47.28378365060277,-23.0062896208741,-40.01732426737905,2.2598192990973427,29.35847269513338,0,-1
217,-2.9594359896317037,9.1405279067862,1.053781742958659,1.4533862399266009,12.660521929332418,10.717487886088222,-38.85059901745095,28.03994180341408,-10.929914178053508,3.357998289884024,14.28726225806476,0,-1
218,-3.671913238002096,9.79727394029868,1.053781742958659,1.4533862399266009,86.16151069157442,37.52099762767929,-56.06383967941381,-2.851935832849307,-63.47919957201336,11.547142186183631,34.10069478109405,0,-1
219,-3.1318684971334942,9.535460827615257,1.053781742958659,1.4533862399266009,21.4255288547282,7.640233779851343,-26.4866986426392,14.791039566658412,-18.467652734076296,4.188581250160449,8.600067534026582,0,-1
220,-3.032440518992095,8.078777279875993,1.053781742958659,1.4533862399266009,62.85431329539733,39.76886921255334,-89.74880843627338,22.896156828690224,-31.39369409782327,20.33309363450469,27.232296405227228,0,-1
221,-4.663155333388051,9.52167453879454,1.053781742958659,1.4533862399266009,59.26012633599737,14.54963796867807,-5.636327418939928,0.9275767014062808,-68.87424204414876,10.416648502812317,19.61302285899382,0,-1
222,-5.566826546804544,12.407384088931746,1.053781742958659,1.4533862399266009,64.23676182604106,20.994372827508982,-45.4534957142675,27.114815709441075,-62.47879914512258,17.106243896195757,30.676189748920716,0,-1
223,-3.1790162103520743,7.963988070317358,1.053781742958659,1.4533862399266009,90.56878473505004,40.34152577813904,-44.6829604300268,-11.532111522524374,-72.88815017208441,13.679322137996609,32.961358779891455,0,-1
224,-3.2021110799915924,6.885609254556741,1.053781742958659,1.4533862399266009,88.82841147986508,55.96976173223968,-99.64922227924411,2.3860476617548727,-46.915863233064,11.3601569592042,37.418079612722856,0,-1
225,-3.6213627021451913,8.78211910894154,1.053781742958659,1.4533862399266009,64.21501194878275,38.23632878155317,-91.45247712653769,19.5224929816777,-29.230362249042827,12.179779876413123,29.219625212203702,0,-1
226,-6.458583332130003,13.541081715262743,1.053781742958659,1.4533862399266009,79.36253255361373,38.94364615303402,-89.7317833431258,37.493007900100736,-61.51536794806236,26.74600136515444,32.882060122227216,0,-1
227,-5.545402069768175,14.970820285021825,1.053781742958659,1.4533862399266009,36.34996818817908,6.398078692939095,-43.005127591936855,40.361592044636666,-36.63761245027886,8.31553557567952,26.77461737667512,0,-1
228,-3.4604405314290165,7.667229805475575,1.053781742958659,1.4533862399266009,71.34940193437725,24.78984405260772,-2.353596423954229,-20.305888269983,-75.04244596758588,6.573176107829114,21.03318172275793,0,-1
229,-2.169265742660264,7.775293890620238,1.053781742958659,1.4533862399266009,25.23209395556134,3.4619553903237232,-4.450554612854958,12.826958314212815,-32.89107583106927,4.993454763441859,18.478352142018373,0,-1
230,-2.677881114220442,5.885451454528685,1.053781742958659,1.4533862399266009,67.76268942540801,42.66449030144205,-91.18336189332402,11.162350907602589,-28.93518448139875,10.730899828747267,30.80987949500667,0,-1
231,-2.76836709645053,9.0196496257937,1.053781742958659,1.4533862399266009,0.0496450301155704,19.53986248185427,-96.66006933607076,55.43238700827666,25.0196894077918,4.224914369991796,18.86517649466509,0,-1
232,-6.135326886987512,12.322983906194136,1.053781742958659,1.4533862399266009,71.9226313558134,34.508474150017264,-81.9201939671381,34.438252966242686,-55.540787951933865,23.29585453865593,29.46101043594319,0,-1
233,-4.6206414311326895,9.309038085185753,1.053781742958659,1.4533862399266009,4.425404532131054,8.03790931596609,-82.40659571532225,67.15724756552888,7.956325471921488,4.516638333071915,26.07321861871467,0,-1
234,-1.78052140277791,3.903552451641799,1.053781742958659,1.4533862399266009,37.567557411754336,12.70023378045768,-2.2468702141948143,-11.934074515816718,-37.50149649431449,1.2043537440327483,11.848522971020865,0,-1
235,-0.4762274421856798,16.65156832046114,1.053781742958659,1.4533862399266009,46.12098782345075,23.407166082666777,-19.473309015753983,-4.219135641881323,-40.46237215583648,15.139201267606138,17.611212493051223,0,-1
236,-0.6240244696515038,7.893289214221321,1.053781742958659,1.4533862399266009,74.89329129738894,33.65479578905811,-10.956930671149763,-31.018969879524025,-64.84351539753189,7.931117541842628,25.300745047885496,0,-1
237,-5.169858005289669,14.212256320219511,1.053781742958659,1.4533862399266009,33.85944716804272,8.017140147034226,-49.51001569793667,40.76813290898394,-29.795486902680608,8.746604560953056,25.176274022536976,0,-1
238,-4.505134851631252,17.249997013872395,1.053781742958659,1.4533862399266009,55.21307828366309,21.57729053869606,-72.10895146610058,36.65473358995257,-35.826979797246224,15.893552181708689,32.19366519236563,0,-1
239,-3.009751907226154,9.70187006330516,1.053781742958659,1.4533862399266009,17.72088793983164,7.595838011693459,-17.83016709583046,12.118359428778009,-20.920267702182343,3.9332318819713694,6.028003905821709,0,-1
240,-0.2364152365097833,3.6306780085434447,1.053781742958659,1.4533862399266009,27.219597231992022,25.64491572077408,-75.98383379470462,12.421644530596126,11.799070803266758,1.7372694724270552,18.720702793994427,0,-1
241,0.62738849628448,0.4192684827505946,1.053781742958659,1.4533862399266009,-9.235629988247382,10.697025502158809,-61.70814544780554,25.638839339538592,37.02785749359617,2.676753892022665,5.281340958118596,0,1
242,-2.5351688808045925,6.062663648074508,1.053781742958659,1.4533862399266009,70.20370755446112,37.08979845768002,-49.52772270383882,-5.6473592431928665,-51.15384389859465,10.74282587325492,26.036211342734724,0,-1
243,-0.0809114549512557,6.981544271920222,1.053781742958659,1.4533862399266009,35.984931002793445,22.389234120277862,-54.86767816054208,3.048840295282943,-4.445010836271862,2.950336862604372,20.6790372589702,0,-1
244,-3.085803596280737,7.6285937962021375,1.053781742958659,1.4533862399266009,25.630418241842108,22.370385994725424,-71.15395008380494,33.43392857605318,-7.850454636133364,11.30542629259304,16.40407964913254,0,-1
245,-2.383390776184237,8.900817070959686,1.053781742958659,1.4533862399266009,36.52532836600872,18.686091747314197,-18.74284838971282,0.2394134189169108,-36.6921882325484,7.252321572337236,11.861055655627064,0,-1
246,-5.436967036941592,12.794677573977603,1.053781742958659,1.4533862399266009,83.65369216183802,36.00241655533566,-47.90504772593066,1.534926846844442,-74.22160816931415,13.338818809962492,28.156424167870156,0,-1
247,-4.402891196673405,10.493402107384572,1.053781742958659,1.4533862399266009,77.2825601549531,44.88136305252905,-90.87309234285227,12.708513020696756,-44.29629185453783,11.459676296749526,31.96593383520044,0,-1
248,-0.2533902027982044,1.7509397773223854,1.053781742958659,1.4533862399266009,7.7912387793008975,23.732928719841183,-76.95069970677804,22.797512596290986,23.913592092410013,2.1369911503057093,12.21523526014383,0,-1
249,-1.7831294439742198,5.424853958183735,1.053781742958659,1.4533862399266009,44.03266377454534,31.69086243461109,-75.89052768726444,19.42860783689946,-15.439562925664234,15.392960784732129,20.58004147231972,0,-1
250,-0.5740146327232964,7.004265244295347,1.053781742958659,1.4533862399266009,-12.978700649438338,8.533860775650865,-81.33725544570504,39.53249525269925,47.42705583826435,1.90975437672628,5.498505070945882,0,-1
251,-4.559366686016293,15.81864856571134,1.053781742958659,1.4533862399266009,-2.0001906617211063,1.740160436909406,-62.136986550114216,53.19678078491236,9.879088152657346,1.3977746467888368,13.478443970998605,0,-1
252,1.0291030190375476,16.40301482961874,1.053781742958659,1.4533862399266009,17.715761323267643,19.652860603340955,-65.92082632196343,22.75652850420901,13.539864643097816,12.68863797229356,17.8651056876182,0,1
253,2.484287758975511,11.63119549447154,1.053781742958659,1.4533862399266009,-4.853506809831472,20.31504656537058,-67.69484383608446,20.08855487935965,38.06033345094556,3.1625945216923315,12.732026173131713,0,1
254,-2.966452323048353,9.760262608386984,1.053781742958659,1.4533862399266009,84.3729831824783,42.35493211114678,-45.07330805616891,-11.368014644468388,-68.89638856437259,13.969277218906512,29.25085964715914,0,-1
255,0.1597871134205402,1.6591049912905451,1.053781742958659,1.4533862399266009,52.89774121383212,33.79387568203845,-51.64213574873096,-13.040748343269897,-21.03548194082569,1.8804961231210304,24.35330034295291,0,1
256,-2.611114047877246,11.25265120954958,1.053781742958659,1.4533862399266009,10.865731023341269,14.766557984807378,-89.23501391220462,44.97494040123118,20.77828127960157,8.123049853908121,14.406151996564954,0,-1
257,-4.669672420762298,12.753532555078912,1.053781742958659,1.4533862399266009,25.93059772725819,10.216092757514446,-37.89775246424809,28.33739321957222,-26.659204553358776,7.503033094480683,13.260463213005645,0,-1
258,0.3516589699816119,2.643879933146469,1.053781742958659,1.4533862399266009,29.507555297634525,17.821028219306868,-26.725099660244524,-5.672386706468529,-12.835068539711855,4.335910087659783,13.512640121345273,0,1
259,-1.026833957081081,6.112551020041115,1.053781742958659,1.4533862399266009,4.969839717815631,0.1663460218991304,-12.250377890058443,8.715892085500016,-1.524593419990822,-0.0042447802131189,4.839114450394411,1,-1
260,-0.0509153029835962,12.146721676970762,1.053781742958659,1.4533862399266009,22.256807016559293,21.86584731376473,-82.29911119338031,31.26065722551309,14.02526304389977,13.697832598723217,20.306484759927308,0,-1
261,1.843110296475619,4.711045162271781,1.053781742958659,1.4533862399266009,-35.53474001371417,6.5661142231735,-91.66665902416176,44.79660000244272,79.44902327342137,0.0094581539909399,2.4674857223804323,0,1
262,-4.59798504957233,10.250561926809777,1.053781742958659,1.4533862399266009,60.74318373157425,16.49984189477817,-17.43596747667408,4.233856891579208,-63.54182490658804,10.154250556605357,22.11689077163384,0,-1
263,-2.210524965638128,8.879960896758718,1.053781742958659,1.4533862399266009,17.59965331346301,18.266865544151017,-81.66902014284499,47.69103003571246,5.209639542358204,11.14401772584266,24.8559594821504,0,-1
264,-4.1943081965085485,12.842498411463035,1.053781742958659,1.4533862399266009,64.32693568380154,21.40948232008972,-4.453226855687248,-3.6069956092992186,-76.24884188929872,15.850422768510285,18.249674870816136,0,-1
265,-0.9814816528828488,8.522138956434716,1.053781742958659,1.4533862399266009,64.19374703780804,42.3223543134207,-95.94318121495064,6.842301385526554,-14.725724464854563,7.514462642292539,33.31774354267226,0,-1
266,-2.9710595955115213,8.433572035778504,1.053781742958659,1.4533862399266009,52.11849847323066,23.119552131050284,-50.94570120801606,15.740327486299208,-36.467333676571535,14.07018922495362,23.468554051189912,0,-1
267,1.727953984413789,17.101587331843962,1.053781742958659,1.4533862399266009,69.46381017013348,41.72731319323916,-27.63784216348951,-35.73762945450257,-44.58297123512571,5.721977183151321,27.15340982469037,0,1
268,-4.186713688621398,11.19929895307572,1.053781742958659,1.4533862399266009,35.61411201402271,12.234221695331172,-51.25877664120271,39.121562211850375,-29.973474694764462,11.091345295273715,28.054723889404908,0,-1
269,-3.1358773143427547,11.762679516658777,1.053781742958659,1.4533862399266009,25.64187208718305,4.959163202319374,-23.297740513676573,14.445135378338732,-21.992146638691334,2.632842886838485,13.35052787477138,0,-1
270,-2.9816381847915103,7.557838145291489,1.053781742958659,1.4533862399266009,69.40429776134528,37.1183679395632,-48.08453571581614,-8.531635633636057,-51.2397064287905,5.919155422890368,25.45866442589182,0,-1
271,-1.2212506942711436,16.331421882597507,1.053781742958659,1.4533862399266009,3.769388740202288,11.131532291440436,-82.37111239263962,56.78604990109716,20.6429796658544,7.360860607923801,29.183303027178518,0,-1
272,0.8496270702258739,0.7102800252411685,1.053781742958659,1.4533862399266009,6.357466375638168,23.86804314456927,-87.04304456876105,21.851016808143697,36.982500541942045,1.5702962564599918,13.131154068124856,0,1
273,-3.9293474375827104,13.03158089545474,1.053781742958659,1.4533862399266009,50.971522836648205,22.159280626850773,-34.951998973116744,17.870870979245296,-52.05084608123782,14.91899815221805,23.4913077980528,0,-1
274,-0.068168374212064,4.256992035379939,1.053781742958659,1.4533862399266009,10.844517337819012,18.77332262321592,-80.48225333933001,26.649121313552143,27.131404548202557,5.492185454853157,13.818799001053478,0,-1
275,-2.703937482325501,7.847092188558887,1.053781742958659,1.4533862399266009,12.928580034012851,11.980642838639596,-44.65659508590839,30.256475754726125,-7.966833003933061,4.441893718458867,15.707046567100846,0,-1
276,0.4010069491194805,8.25219058525411,1.053781742958659,1.4533862399266009,10.840509001095072,25.986657544634586,-88.27504891656852,33.42556179343416,24.554069807827744,10.52554326227366,18.05141565627236,0,1
277,-3.157200171931049,7.301285071268682,1.053781742958659,1.4533862399266009,-18.09589455194765,6.94798026417773,-99.0901021620317,71.98922780597371,42.33319297002853,0.5349483563988819,18.58075411951287,0,-1
278,-0.4357352577115492,15.353889078508644,1.053781742958659,1.4533862399266009,-6.608449634574626,6.443457474224886,-78.83498644710548,55.20771334203525,33.20243743660345,4.694207826887764,25.048073318972317,0,-1
279,-0.9859068741989212,9.208148901030828,1.053781742958659,1.4533862399266009,95.24542038090502,51.87644762528825,-64.52404951219991,-20.10731340110212,-59.36554416208142,11.579121515343914,38.38025509996784,0,-1
280,-1.3028257691908411,3.996013227544605,1.053781742958659,1.4533862399266009,58.54976378435569,32.398767178374186,-39.02110485577599,-10.728389922969896,-40.27575916438255,7.11818627020626,22.26904646945161,0,-1
281,1.6834875855897664,7.832107025075218,1.053781742958659,1.4533862399266009,42.23962325299419,29.23399762767596,-40.75920880865407,-15.339066881987236,-12.2688467997867,3.505879459091528,20.60484259220571,0,1
282,-5.112693069231582,12.762058364424425,1.053781742958659,1.4533862399266009,91.28264295566284,47.72068180853387,-74.48061479992649,3.13089339116965,-68.35910508251494,13.672275239040273,33.331170061054785,0,-1
283,-0.355548637464075,1.888461022395894,1.053781742958659,1.4533862399266009,19.996238053946342,29.1697527004101,-79.52717185173985,17.674736746240157,14.101106696984315,3.805514263588482,15.652976260048586,0,-1
284,-2.519488456713187,7.189134269420093,1.053781742958659,1.4533862399266009,87.05380712746697,46.44473231083714,-71.72853609960647,-12.873866971829926,-49.984769620243895,3.1144914493929257,36.61450574195328,0,-1
285,0.3119039861084172,2.130172372799527,1.053781742958659,1.4533862399266009,20.290836236106657,12.131618031340976,-4.0334352615662254,-11.233326009981838,-16.450364721252782,1.72842374026337,7.23683446339272,0,1
286,-1.5300523206620946,5.679307432007788,1.053781742958659,1.4533862399266009,0.0190925392089269,5.120603968370219,-50.12034941956571,29.44953788884064,16.81390777102534,3.293459422491711,7.469783871556425,0,-1
287,-3.684160300238182,23.03884480711612,1.053781742958659,1.4533862399266009,20.77895467262711,13.935068651162936,-69.16183193092039,60.47427865722887,-15.463989867900068,7.491069210477327,39.58406948372757,0,-1
288,-0.1459143593972811,10.82820231344637,1.053781742958659,1.4533862399266009,77.74542103819064,48.63530009323867,-42.29959165114876,-30.733092919934563,-52.81945383546014,3.997534470671495,29.81057904463168,0,-1
289,-4.387898339606551,11.379567793414672,1.053781742958659,1.4533862399266009,24.31288110438692,6.868837851300611,-52.60449905517589,43.68447196865736,-18.080594469255388,7.559706155064756,24.097814934185404,0,-1
290,-0.5970267610181583,6.50666477564584,1.053781742958659,1.4533862399266009,64.96812497464387,34.731229150310355,-53.90026018467914,-10.34982760164334,-33.26210519123035,5.95009855920955,29.02535752005416,0,-1
