-0.00011713,"s -> 1.6001494595616809709`5.","τ -> 3.4859100629376008676`5.","AF3 -> -0.0397849749059725573`5.","AH3 -> 0.2684424662272366793`5.","AO3 -> -1.787764219564906159`5.","AF5 -> 1.63592151122898482`5.","AD5 -> 0.6157456543330577464`5.",0.0012383,0.0060276
-0.00002191,"s -> 2.4592421112921929836`5.","τ -> 3.0947272010640287964`5.","AF3 -> 0.0540683208180821717`5.","AH3 -> 0.1050685271259067707`5.","AO3 -> -0.9921818301375468621`5.","AF5 -> 0.7376324448961029339`5.","AD5 -> 0.4214759213644659179`5.",0.0010439,0.0024563
0.021776,"s -> 1.0537817429586589587`5.","τ -> 1.4533862399266006523`5.","AF3 -> 1.7778200617014661165`5.","AH3 -> 0.8930425134791503764`5.","AO3 -> -0.1227023421465613392`5.","AF5 -> -1.3757379301891065884`5.","AD5 -> -1.2704619002946824791`5.",-0.30279,0.66803
-0.00075008,"s -> 1.1211449964209516309`5.","τ -> 4.7873384691015685341`5.","AF3 -> 0.4391329872527930176`5.","AH3 -> 0.3096474921664423485`5.","AO3 -> -0.9344652059288236438`5.","AF5 -> 0.9688171878719582274`5.","AD5 -> -0.0430920256253859942`5.",0.00036588,0.0051962
0.000086616,"s -> 2.1555968919717061688`5.","τ -> 3.1345722591628622994`5.","AF3 -> 0.0415109657377320247`5.","AH3 -> 0.121509005712347962`5.","AO3 -> -0.9985124044096146001`5.","AF5 -> 0.7355715178981775105`5.","AD5 -> 0.4024719320584015036`5.",0.00091767,0.002992
0.012494,"s -> 0.7631940241558249739`5.","τ -> 2.4765944739659698284`5.","AF3 -> -0.0954141259952190397`5.","AH3 -> 0.3901156796500693734`5.","AO3 -> -0.6817982044692933596`5.","AF5 -> -0.3631405746572389233`5.","AD5 -> 0.4693611939945362665`5.",-0.018514,0.044286
-1.0696e-6,"s -> 4.1213528857264001585`5.","τ -> 32.5071169772161191913`5.","AF3 -> 0.0466637508131670547`5.","AH3 -> -0.0269979068677375392`5.","AO3 -> 0.3207550640501682468`5.","AF5 -> -0.4020895572028637257`5.","AD5 -> -0.0873005353503625894`5.",-2.7697e-7,7.7046e-9
0.0056011,"s -> 1.2158541232221987702`5.","τ -> 2.7353549498264809891`5.","AF3 -> 0.2329388950916843505`5.","AH3 -> 0.3400290371383419173`5.","AO3 -> -0.8119952364261547623`5.","AF5 -> -0.3338848078208878232`5.","AD5 -> 0.2958053057669317506`5.",-0.006897,0.02375
-0.00018281,"s -> 2.3871383679974130322`5.","τ -> 2.9709305229720873798`5.","AF3 -> 0.0491153301881411034`5.","AH3 -> 0.1063527005923751592`5.","AO3 -> -0.9935399738862809401`5.","AF5 -> 0.7358556616648455527`5.","AD5 -> 0.4182577913205171127`5.",0.0014294,0.0029485
0.001465,"s -> 2.4469845184420504058`5.","τ -> 3.0853751719799751828`5.","AF3 -> 0.5231532935575132716`5.","AH3 -> 0.2508811780903161005`5.","AO3 -> -1.8559051030585046873`5.","AF5 -> 0.8362034962154834529`5.","AD5 -> 0.7126364788330712715`5.",0.00015667,0.005987
0.0011133,"s -> 0.8719611650083200786`5.","τ -> 3.002303144861041748`5.","AF3 -> 0.51034383780230796`5.","AH3 -> 0.566877181889042034`5.","AO3 -> -0.6861041182434671411`5.","AF5 -> -0.5445286427444345574`5.","AD5 -> -0.0980696911920821389`5.",-0.0020495,0.050265
-0.00032169,"s -> 1.9464841943037882172`5.","τ -> 5.1427391898355865631`5.","AF3 -> -0.0023016062189381405`5.","AH3 -> 0.0857763683720961887`5.","AO3 -> -0.8452324026790529875`5.","AF5 -> 1.5397792612636616041`5.","AD5 -> 0.2068909989968094675`5.",0.00020257,0.00049835
-0.0012916,"s -> 0.9287244942797835697`5.","τ -> 7.7119172796709055327`5.","AF3 -> 2.667842374080432071`5.","AH3 -> 1.0950360817061766448`5.","AO3 -> -0.6923334057740807253`5.","AF5 -> -0.6048445740924757357`5.","AD5 -> -1.2878841100639373593`5.",0.00014769,0.0074976
-0.00046411,"s -> 3.4503172389111070364`5.","τ -> 5.9334145391034201584`5.","AF3 -> 0.0617566492097650072`5.","AH3 -> -0.0940847773686729196`5.","AO3 -> 0.9464999507201167131`5.","AF5 -> -0.3066441346506569441`5.","AD5 -> -0.5223896598501147029`5.",-0.00019782,0.000093935
0.0017302,"s -> 1.910161783310092244`5.","τ -> 3.1294497890511219771`5.","AF3 -> 0.0661566482989483663`5.","AH3 -> 0.0913940327880419754`5.","AO3 -> -0.4169306316253875824`5.","AF5 -> -0.059896968215785239`5.","AD5 -> 0.2186670232393357562`5.",-0.0014576,0.0025335
0.0099273,"s -> 0.7950698454640701412`5.","τ -> 2.4985012272231570353`5.","AF3 -> 0.1751575475080258004`5.","AH3 -> 0.6686404707326185629`5.","AO3 -> -1.0665103207495629119`5.","AF5 -> -0.3827621651400853599`5.","AD5 -> 0.3512268419640372748`5.",-0.014524,0.092289
-6.516e-7,"s -> 2.0955878038400534285`5.","τ -> 3.0496499206866823752`5.","AF3 -> 0.0385694952177721726`5.","AH3 -> 0.1236940263709981659`5.","AO3 -> -1.0001105049582508873`5.","AF5 -> 0.7345449033138410748`5.","AD5 -> 0.3992328902454443332`5.",0.001154,0.0034117
0.010707,"s -> 2.0214205979719012114`5.","τ -> 3.0677528003654388216`5.","AF3 -> -0.3331444281912842102`5.","AH3 -> 0.1975931327357556288`5.","AO3 -> -0.6907494720695261313`5.","AF5 -> -1.1141436811163975251`5.","AD5 -> 0.9160120435470243121`5.",-0.010703,0.0045447
0.0054069,"s -> 2.4578938558003997655`5.","τ -> 3.4873681643987795482`5.","AF3 -> 0.0976881054165812722`5.","AH3 -> 0.1929995105993458882`5.","AO3 -> -0.9007256829914008647`5.","AF5 -> -0.883448143649661855`5.","AD5 -> 0.7297599609662204541`5.",-0.0041223,0.0029059
-0.000012882,"s -> 1.9316863821678011597`5.","τ -> 3.0101820378029221097`5.","AF3 -> 0.0304164159119228628`5.","AH3 -> 0.133719860612003592`5.","AO3 -> -1.0031327059755984858`5.","AF5 -> 0.7333191251959807387`5.","AD5 -> 0.3886144494716181868`5.",0.0012659,0.0041076
-0.00016344,"s -> 1.6678666942165531836`5.","τ -> 5.5311670550400166124`5.","AF3 -> -0.3221632839792063221`5.","AH3 -> -0.1141214965700210288`5.","AO3 -> 0.2644141403657087344`5.","AF5 -> 0.4745123766054211066`5.","AD5 -> 0.003096468075925529`5.",-0.00081169,0.000064923
-1.54e-6,"s -> 3.5650423254874413023`5.","τ -> 4.2371870223816044468`5.","AF3 -> 1.0052136313683061222`5.","AH3 -> 0.120670540829801433`5.","AO3 -> -1.1573229341274333302`5.","AF5 -> 0.6295741068180681564`5.","AD5 -> 0.2719344611720337`5.",0.00015748,0.00081957
0.0025604,"s -> 4.3159399918984434808`5.","τ -> 2.5855106271620984847`5.","AF3 -> -0.3282140761376765436`5.","AH3 -> 0.0288824407323462456`5.","AO3 -> -0.4736992157821073633`5.","AF5 -> 0.1756626284468750797`5.","AD5 -> 0.518615947475004636`5.",-0.0020964,0.00056847
-0.00051182,"s -> 2.3602538980831110082`5.","τ -> 5.6340174151878909373`5.","AF3 -> 0.8461558039777982663`5.","AH3 -> 0.0477053255432475754`5.","AO3 -> -0.0995099595849687914`5.","AF5 -> 0.1616406439891823198`5.","AD5 -> -0.3183231575422571022`5.",0.00011701,0.00036095
0.0042293,"s -> 1.0400317752440658512`5.","τ -> 2.5682498578706692616`5.","AF3 -> 0.2184088206842282676`5.","AH3 -> 0.3346407324096269977`5.","AO3 -> -0.6855700518502303694`5.","AF5 -> -0.1974866476380215901`5.","AD5 -> 0.175680541761019763`5.",-0.0058993,0.03428
-0.00029567,"s -> 1.035225315724579558`5.","τ -> 4.4577821496844202002`5.","AF3 -> -0.1061498023204249946`5.","AH3 -> -0.066860467221116988`5.","AO3 -> -0.032981030213559797`5.","AF5 -> 0.4988174979013231147`5.","AD5 -> 0.032116041511104778`5.",-0.0016346,0.00020784
0.00043068,"s -> 2.3010583370731407297`5.","τ -> 3.4789370847209802353`5.","AF3 -> 0.5339017083921983756`5.","AH3 -> 0.0861334671315191291`5.","AO3 -> -0.2562069914769773696`5.","AF5 -> -0.3069424982402585429`5.","AD5 -> -0.0550205285727341646`5.",-0.00052764,0.0018549
-0.00039223,"s -> 2.6875400736373881736`5.","τ -> 7.5053848070078759403`5.","AF3 -> -1.4570149263693209428`5.","AH3 -> -0.3346558031339763732`5.","AO3 -> 1.8500188312411763728`5.","AF5 -> 1.0523985854395263843`5.","AD5 -> -0.4275728245109244603`5.",-0.0005313,0.000061794
-0.00027221,"s -> 1.4256683997023071947`5.","τ -> 6.1063824138390708221`5.","AF3 -> -0.186349037112489624`5.","AH3 -> -0.0901739790407303194`5.","AO3 -> 0.0048870167175943793`5.","AF5 -> 1.148587023083826418`5.","AD5 -> 0.0020794067722312248`5.",-0.0005579,0.000087984
0.030875,"s -> 0.857578455874895818`5.","τ -> 2.0582813723998910723`5.","AF3 -> 0.1796610366221350193`5.","AH3 -> 0.5157832350564849872`5.","AO3 -> -0.2733759674316951903`5.","AF5 -> -1.1832404396009498493`5.","AD5 -> 0.3005709409700113749`5.",-0.07829,0.12008
0.0051366,"s -> 1.9454770056991227499`5.","τ -> 3.5389961297301333076`5.","AF3 -> 1.3312609783183352615`5.","AH3 -> 0.4727159907402036795`5.","AO3 -> -1.3993541688371657899`5.","AF5 -> -1.5842598965532799576`5.","AD5 -> 0.3490274459555648257`5.",-0.0042958,0.010273
0.0020988,"s -> 1.8245104092038356926`5.","τ -> 3.4333385372646401391`5.","AF3 -> 0.2775320798144725501`5.","AH3 -> 0.2950019496961440364`5.","AO3 -> -1.5089430816200934184`5.","AF5 -> 0.4507823983490884955`5.","AD5 -> 0.5629479193184249521`5.",-0.00099929,0.0066339
-0.00010135,"s -> 2.0297019070506707771`5.","τ -> 4.7710483921176479713`5.","AF3 -> -0.0683431541120990773`5.","AH3 -> 0.0573433531424893395`5.","AO3 -> -0.5769302771793437906`5.","AF5 -> 0.8734936542843094576`5.","AD5 -> 0.1957529488395923447`5.",0.00012237,0.00037469
0.00035085,"s -> 2.1859970953068930414`5.","τ -> 5.3601171890697930842`5.","AF3 -> 0.7361847672207267273`5.","AH3 -> 0.0396628575868171903`5.","AO3 -> 0.5428614869312194667`5.","AF5 -> -2.2092548752849673456`5.","AD5 -> -0.3193959465579044623`5.",-0.00023877,0.00041299
-0.0011226,"s -> 0.1936483754161056026`5.","τ -> 5.2967772675624813926`5.","AF3 -> 0.0987425119871715625`5.","AH3 -> 0.0534272916974912894`5.","AO3 -> 0.3111048218708449095`5.","AF5 -> 0.0049380761315576084`5.","AD5 -> -0.1910375884111096665`5.",0.00024484,0.048591
-0.00014011,"s -> 2.4868155547902446925`5.","τ -> 3.0144561567466679637`5.","AF3 -> 0.0536805528239891922`5.","AH3 -> 0.1024263625918316156`5.","AO3 -> -0.9910414574152327144`5.","AF5 -> 0.7374661409005194499`5.","AD5 -> 0.4234911732834492614`5.",0.0012799,0.0026292
0.0029524,"s -> 2.5734906374269796139`5.","τ -> 3.4667613288606157938`5.","AF3 -> 0.1225927874204002672`5.","AH3 -> 0.1560769880188441739`5.","AO3 -> -1.0193230456657953991`5.","AF5 -> -0.0520522578623574041`5.","AD5 -> 0.6100484805596629915`5.",-0.0019413,0.0023236
-0.00041577,"s -> 1.903638394800979127`5.","τ -> 6.5219724594075945739`5.","AF3 -> 1.4151801142554391381`5.","AH3 -> 0.1691453510411536217`5.","AO3 -> -0.2625186362747454634`5.","AF5 -> -0.4916925796585855402`5.","AD5 -> -0.4553488534023071055`5.",0.000058995,0.0008549
0.00003786,"s -> 1.6665574929518562588`5.","τ -> 3.4856111701125562044`5.","AF3 -> 0.1672061764750296813`5.","AH3 -> 0.0233033828874141371`5.","AO3 -> 0.0517281300894362674`5.","AF5 -> -0.2311093123296512318`5.","AD5 -> -0.0850417845185920506`5.",-0.00023023,0.00093535
0.0062746,"s -> 1.582787176801101357`5.","τ -> 2.6396780613480632484`5.","AF3 -> 0.6204330145779170458`5.","AH3 -> 0.4343838359279441778`5.","AO3 -> -1.5045364330186601262`5.","AF5 -> -0.1337740916566754806`5.","AD5 -> 0.4577159406973287654`5.",-0.0074554,0.026743
0.00061734,"s -> 1.6458958588694845132`5.","τ -> 2.9575606284736996022`5.","AF3 -> -0.5832685944053210434`5.","AH3 -> -0.0614780850944895298`5.","AO3 -> -0.2401260425069907028`5.","AF5 -> 0.6071244739766066747`5.","AD5 -> 0.3777571595865194513`5.",-0.0048713,0.0010086
0.00308,"s -> 1.3427305651494670147`5.","τ -> 2.3495759267489061178`5.","AF3 -> 0.2000176578745555028`5.","AH3 -> 0.2533639389610086314`5.","AO3 -> -0.9030698840408279731`5.","AF5 -> 0.1677246740052020876`5.","AD5 -> 0.2891343361611309592`5.",-0.0028848,0.025202
-6.8841e-6,"s -> 2.4597478815145958872`5.","τ -> 3.1087171528187403203`5.","AF3 -> 0.0544509901899098352`5.","AH3 -> 0.1052543728049249169`5.","AO3 -> -0.9921505236295895184`5.","AF5 -> 0.7379561701189998647`5.","AD5 -> 0.421208791808951738`5.",0.0010084,0.0024207
-0.000011808,"s -> 1.9536795304876970246`5.","τ -> 3.0141450503401944286`5.","AF3 -> 0.0315987355622145706`5.","AH3 -> 0.1323116409978165725`5.","AO3 -> -1.0029236624301186375`5.","AF5 -> 0.7333132715649477238`5.","AD5 -> 0.3901798990219539985`5.",0.0012538,0.00401
-0.00051418,"s -> 1.4708938459474281849`5.","τ -> 5.1350070748248010373`5.","AF3 -> 0.7760546343506714008`5.","AH3 -> 0.2540783963336032812`5.","AO3 -> -0.7181578459093113204`5.","AF5 -> 0.2823095359573453545`5.","AD5 -> -0.1647202033358958717`5.",0.00016721,0.0028163
0.0015493,"s -> 1.7394849584049094162`5.","τ -> 3.6335273926818386094`5.","AF3 -> 1.0133850604358601612`5.","AH3 -> 0.3269671919408192654`5.","AO3 -> -0.8125632746084134961`5.","AF5 -> -0.8604110866485712751`5.","AD5 -> -0.0191285817462524626`5.",-0.001441,0.0078843
0.0045005,"s -> 2.7924080129839745983`5.","τ -> 3.4070869791281519716`5.","AF3 -> 0.5941746376234151174`5.","AH3 -> 0.1765348193803264433`5.","AO3 -> -0.8342873792302299149`5.","AF5 -> -0.8647454849812899441`5.","AD5 -> 0.5072911876589469996`5.",-0.0037583,0.002764
0.00032909,"s -> 1.5648330589830559005`5.","τ -> 6.1718607294043454543`5.","AF3 -> 0.7108579467198293616`5.","AH3 -> 0.3998558432766378238`5.","AO3 -> -1.2848149797554654636`5.","AF5 -> -0.3744384953508056369`5.","AD5 -> 0.1726474359072288354`5.",-0.000075636,0.0020256
0.012006,"s -> 1.0583465787219871222`5.","τ -> 2.4015336450381218995`5.","AF3 -> 0.8327722088346285759`5.","AH3 -> 0.9115984762769273268`5.","AO3 -> -1.6202664514287938969`5.","AF5 -> -0.7707569813259011288`5.","AD5 -> 0.2362316302540013164`5.",-0.021685,0.11869
0.0054696,"s -> 1.5334049240954220325`5.","τ -> 2.669062568275996439`5.","AF3 -> 0.2014066297020208359`5.","AH3 -> 0.1610662412829774213`5.","AO3 -> -0.3092255040340852714`5.","AF5 -> -0.5241168724259440058`5.","AD5 -> 0.1752926295166653254`5.",-0.0079641,0.0097864
0.0080612,"s -> 1.0103041172259096556`5.","τ -> 2.2033735541242831012`5.","AF3 -> 0.0280211800578855882`5.","AH3 -> 0.1867261407714341991`5.","AO3 -> -0.3542038689683255997`5.","AF5 -> -0.2154453819018271852`5.","AD5 -> 0.2179254612269642223`5.",-0.015545,0.027454
0.0065871,"s -> 1.198809069302508252`5.","τ -> 2.8025545747484770272`5.","AF3 -> 0.1742490640571073641`5.","AH3 -> 0.1739360377831648269`5.","AO3 -> 0.0366246851264305945`5.","AF5 -> -1.0420593213274179628`5.","AD5 -> 0.082622742269449832`5.",-0.0095243,0.012193
-0.00061435,"s -> 1.4316556398362377041`5.","τ -> 4.7704629790217787691`5.","AF3 -> 0.3435982557395241237`5.","AH3 -> 0.2326452038605977898`5.","AO3 -> -1.1190513136740794035`5.","AF5 -> 1.3984763158645404177`5.","AD5 -> 0.1019684005405158588`5.",0.00037881,0.0027862
-0.00033195,"s -> 2.463782045603286722`5.","τ -> 4.5654455750527326033`5.","AF3 -> -0.2178956237039027845`5.","AH3 -> -0.0459396052576501757`5.","AO3 -> 0.1495103686166486316`5.","AF5 -> 0.319662585559468433`5.","AD5 -> -0.0363570849478077672`5.",-0.00037072,0.00017264
-1.8319e-6,"s -> 2.0526928865640046511`5.","τ -> 3.0411456034324025579`5.","AF3 -> 0.0364795569497103256`5.","AH3 -> 0.1262029767288763663`5.","AO3 -> -1.0008867866161218764`5.","AF5 -> 0.73425104781258585`5.","AD5 -> 0.3964629482129346678`5.",0.0011769,0.0035707
-1.3818e-6,"s -> 2.212062872509200317`5.","τ -> 3.0700215736324385466`5.","AF3 -> 0.0438545148529640695`5.","AH3 -> 0.1172162633905663779`5.","AO3 -> -0.9976685703423621678`5.","AF5 -> 0.7355296525612627611`5.","AD5 -> 0.406536267753409239`5.",0.0011023,0.0030335
-3.3335e-6,"s -> 3.1417007715451411818`5.","τ -> 31.70788742450019457`5.","AF3 -> -0.9036435002470884158`5.","AH3 -> -0.2008237593181544207`5.","AO3 -> 1.5233892078328571731`5.","AF5 -> -0.7768422008992320891`5.","AD5 -> -0.2161234013555482035`5.",-3.4656e-6,2.4558e-8
-2.3622e-6,"s -> 2.047882542389012965`5.","τ -> 3.039320535958860367`5.","AF3 -> 0.0362505057288017613`5.","AH3 -> 0.1264953163316343025`5.","AO3 -> -1.0010525716280791854`5.","AF5 -> 0.7341328534284878668`5.","AD5 -> 0.396218306281206092`5.",0.0011816,0.0035927
0.0036505,"s -> 3.0193571546228168723`5.","τ -> 1.8232075802162506844`5.","AF3 -> -0.8268994394483075836`5.","AH3 -> 0.0432901278722616007`5.","AO3 -> -0.9820699926033368033`5.","AF5 -> 0.6166138196060971771`5.","AD5 -> 1.0412801636071100123`5.",-0.00098065,0.018996
0.0035377,"s -> 1.619062261357847477`5.","τ -> 3.2910815656407625724`5.","AF3 -> 0.2672306635990821972`5.","AH3 -> 0.2564719301829028494`5.","AO3 -> -0.8264444507760901415`5.","AF5 -> -0.4216808114979436314`5.","AD5 -> 0.3509656566414777942`5.",-0.0029886,0.0075901
0.0040183,"s -> 1.0910395921891818251`5.","τ -> 3.178748891528001837`5.","AF3 -> 0.3625180038632770792`5.","AH3 -> 0.5981087725906392088`5.","AO3 -> -1.4294405951142573873`5.","AF5 -> -0.2126775170935175195`5.","AD5 -> 0.3752909877799940681`5.",-0.0033539,0.030009
0.0045208,"s -> 1.635511351121480593`5.","τ -> 3.4732176129917304667`5.","AF3 -> 0.3816382462637162427`5.","AH3 -> 0.4315223696900715489`5.","AO3 -> -1.5986989980155677032`5.","AF5 -> -0.3328133155276979221`5.","AD5 -> 0.6483571403157986066`5.",-0.0031672,0.010559
0.00053766,"s -> 0.9394841400331699469`5.","τ -> 4.8120537992230232257`5.","AF3 -> 0.0109111063952479992`5.","AH3 -> 0.3279524578357453733`5.","AO3 -> -0.9695564436085252631`5.","AF5 -> 0.5618651885916629624`5.","AD5 -> 0.2620129498086014799`5.",-0.000124,0.004776
-0.000025542,"s -> 1.6199819781792682468`5.","τ -> 12.4474980867410316197`5.","AF3 -> -0.0742571776193784209`5.","AH3 -> -0.1296090487762444322`5.","AO3 -> 0.5511351328227052774`5.","AF5 -> -0.2034150235174877307`5.","AD5 -> -0.1184190489657459522`5.",-0.00006682,1.2199e-6
-0.0015961,"s -> 2.4555240201100849706`5.","τ -> 5.7844789928923233116`5.","AF3 -> 0.2557545754032420618`5.","AH3 -> -0.297195086378245576`5.","AO3 -> 1.8916507198706239114`5.","AF5 -> 0.5372548827882919421`5.","AD5 -> -1.0866674945992264798`5.",-0.00091119,0.00039711
0.0077677,"s -> 1.7555182361220556126`5.","τ -> 2.3361041145351165164`5.","AF3 -> 0.6503584798375209949`5.","AH3 -> 0.2299946859353512155`5.","AO3 -> -0.4779884849112599876`5.","AF5 -> -0.6162543333137280185`5.","AD5 -> 0.0577245744051422922`5.",-0.016365,0.020132
0.0028653,"s -> 1.617817871341630219`5.","τ -> 1.9997350251930449227`5.","AF3 -> 0.5614086049387290543`5.","AH3 -> 0.2093339842491682869`5.","AO3 -> -0.5689710558896305264`5.","AF5 -> -0.1541640822282138908`5.","AD5 -> -0.0150239070444922035`5.",-0.0089906,0.032561
0.0082074,"s -> 0.8768481884349242096`5.","τ -> 2.6102580191229357008`5.","AF3 -> 0.0878055584678321955`5.","AH3 -> 0.5759639062499918165`5.","AO3 -> -1.2359846535645628009`5.","AF5 -> -0.0861606412064936043`5.","AD5 -> 0.4693459994191637356`5.",-0.0098022,0.059421
-0.00083606,"s -> 1.7367051521284099756`5.","τ -> 4.5328831220534307313`5.","AF3 -> 0.41258033146825412`5.","AH3 -> 0.1340382670776181246`5.","AO3 -> -0.7674847805182678228`5.","AF5 -> 1.0372423260155291351`5.","AD5 -> -0.0059174806376473982`5.",0.00048453,0.0016658
-0.00068732,"s -> 2.275210000034005643`5.","τ -> 5.771753438270260536`5.","AF3 -> 1.6948859623634930493`5.","AH3 -> 0.1525781837350667553`5.","AO3 -> -0.4273355491012337514`5.","AF5 -> -0.0076483200273122677`5.","AD5 -> -0.4995043069623367953`5.",0.00014617,0.00090564
-0.00051576,"s -> 2.9495387056773654036`5.","τ -> 2.484128020216576166`5.","AF3 -> 0.9387011635130886635`5.","AH3 -> 0.0280479187073220976`5.","AO3 -> 0.2739684427561116597`5.","AF5 -> -0.5261542151432701627`5.","AD5 -> -0.5132835041875805176`5.",-0.0029485,0.0023404
-0.00060844,"s -> 1.7240431676280502935`5.","τ -> 4.8883667785346483304`5.","AF3 -> 0.4154737154310491897`5.","AH3 -> 0.1393793662224949439`5.","AO3 -> -0.7635035276795940902`5.","AF5 -> 1.0389224299575573871`5.","AD5 -> -0.0008218656392926523`5.",0.00030517,0.0013852
-0.00043968,"s -> 2.663793954946503955`5.","τ -> 5.2144329865547058703`5.","AF3 -> -0.4530904768527126792`5.","AH3 -> -0.1034355121213197061`5.","AO3 -> 0.5125859565846484544`5.","AF5 -> 0.4253738089005867194`5.","AD5 -> -0.1507220959271958917`5.",-0.00049645,0.00015412
0.0014508,"s -> 2.5942354901041283424`5.","τ -> 3.0695152810032386821`5.","AF3 -> 0.537465931669945314`5.","AH3 -> 0.2339519965368439049`5.","AO3 -> -1.8455148146158377969`5.","AF5 -> 0.8406526537110228926`5.","AD5 -> 0.7350007791993176412`5.",0.00020229,0.00536
0.0002909,"s -> 1.7636103026174910302`5.","τ -> 3.7567800062813672448`5.","AF3 -> 0.8746365300821532939`5.","AH3 -> 0.226586979587342052`5.","AO3 -> -0.5448782657467091721`5.","AF5 -> -0.5357015578474842705`5.","AD5 -> -0.1319953114679347265`5.",-0.00044379,0.0051418
0.010928,"s -> 2.207605765924382287`5.","τ -> 2.4150800766873200373`5.","AF3 -> 0.880023594488532739`5.","AH3 -> 0.3083329552698918807`5.","AO3 -> -1.309689759308868944`5.","AF5 -> -0.4341628275490405753`5.","AD5 -> 0.5393161559623899131`5.",-0.017435,0.017876
-0.0012721,"s -> 1.1572135830659949953`5.","τ -> 4.1729187132372473669`5.","AF3 -> 0.4376683144313206987`5.","AH3 -> 0.2871328787604154435`5.","AO3 -> -0.9424142303506645598`5.","AF5 -> 0.9654753414295913569`5.","AD5 -> -0.048379080460272668`5.",0.00082148,0.0070661
0.0013018,"s -> 2.1344374275989209855`5.","τ -> 4.0476858499999179411`5.","AF3 -> 0.5334407730108084585`5.","AH3 -> 0.405962261979442181`5.","AO3 -> -2.6208477489949067909`5.","AF5 -> 1.4474290967677770563`5.","AD5 -> 0.8954838629484350735`5.",-0.00016159,0.004775
0.0024349,"s -> 3.2013800316438304881`5.","τ -> 5.7166298954239521369`5.","AF3 -> 0.7103673021771485389`5.","AH3 -> 0.4137368759385405729`5.","AO3 -> -3.0347852818228502466`5.","AF5 -> -1.4978824591550643342`5.","AD5 -> 1.6502901289783968246`5.",-0.00063818,0.0011106
-0.00082791,"s -> 0.7917823152062691197`5.","τ -> 5.4615668567766303869`5.","AF3 -> 0.5508888951762113474`5.","AH3 -> 0.2682119984945422348`5.","AO3 -> 0.0025491435438375486`5.","AF5 -> -0.4301742095312230981`5.","AD5 -> -0.3681070853208672866`5.",0.00016535,0.0065436
-0.00020467,"s -> 2.5842893741650189142`5.","τ -> 5.0887026041128832953`5.","AF3 -> -1.6273164083973347373`5.","AH3 -> -0.0634783276276573816`5.","AO3 -> -0.7110824076355197201`5.","AF5 -> 2.7812639620159865217`5.","AD5 -> 0.6636761288927213938`5.",-0.00065626,0.00031843
0.0082074,"s -> 0.8768481884349242096`5.","τ -> 2.6102580191229357008`5.","AF3 -> 0.0878055584678321955`5.","AH3 -> 0.5759639062499918165`5.","AO3 -> -1.2359846535645628009`5.","AF5 -> -0.0861606412064936043`5.","AD5 -> 0.4693459994191637356`5.",-0.0098022,0.059421
0.000046339,"s -> 5.0991837372977206875`5.","τ -> 8.2874145183683577483`5.","AF3 -> -0.165560417887843826`5.","AH3 -> 0.0194384229677009685`5.","AO3 -> -0.3559128769600588265`5.","AF5 -> 0.4347616223666935828`5.","AD5 -> 0.2064369610569504971`5.",-3.6416e-6,9.5434e-6
0.00036705,"s -> 3.227675632882989456`5.","τ -> 3.844279185449998915`5.","AF3 -> 0.0259653808297415535`5.","AH3 -> 0.0982266746102517616`5.","AO3 -> -1.1686744064276122843`5.","AF5 -> 0.94738577653557484`5.","AD5 -> 0.5662717355129211374`5.",0.00017803,0.00088627
-0.00072648,"s -> 1.1164405908824161956`5.","τ -> 4.8296514004741930067`5.","AF3 -> 0.4387843105576838602`5.","AH3 -> 0.3118323205526638304`5.","AO3 -> -0.9338893903587273383`5.","AF5 -> 0.9690352332637781882`5.","AD5 -> -0.0431546976803594299`5.",0.00034784,0.0051188
0.0010096,"s -> 2.544474694860652611`5.","τ -> 5.5025550751885587694`5.","AF3 -> 0.4414379098714787412`5.","AH3 -> 0.2515225189715035206`5.","AO3 -> -1.5401942030750171608`5.","AF5 -> -0.2096215281658277654`5.","AD5 -> 0.6344568804957086042`5.",-0.00026946,0.00097846
-0.000086381,"s -> 2.5001981170100264665`5.","τ -> 3.0544581145278919602`5.","AF3 -> 0.0546456328282648383`5.","AH3 -> 0.1024373774955277947`5.","AO3 -> -0.9905883984150445615`5.","AF5 -> 0.7380856203012635508`5.","AD5 -> 0.4238801706384853015`5.",0.0011592,0.0024915
-0.0005331,"s -> 0.4822610765678798484`5.","τ -> 6.778191466412776944`5.","AF3 -> 0.3286444874820397389`5.","AH3 -> 0.0699837704171889376`5.","AO3 -> 0.5638704707605166782`5.","AF5 -> -1.014497276744661026`5.","AD5 -> -0.3455401002955255224`5.",0.000052418,0.0054223
