| i  | V                                        | fitness              | AH3                  | AF3                 | AF5                 | A3N3                | s                 | tau                | lambda1              | lambda2             |
| 0  | 0.00000159666791715514581445059180687    | 1.19740301301552e-11 | 0.6709773628283102   | -98.85367004976318  | -79.33266626904529  | -32.12564227999147  | 99.66285271508251 | 54.141987952948924 | -2.14546603077686e-8 | 2.14775897904411e-8 |
| 1  | 0.000000991675823897188982760904710223   | 2.32044831923486e-12 | -0.3735189133087289  | -98.114641497062    | -93.71726557836901  | 38.17537005291456   | 94.49383901882247 | 94.5305644568772   | -1.36421917272153e-8 | 1.36464619050190e-8 |
| 2  | 0.0000146187966089146982682361874950     | 3.28522657483965e-11 | 4.390951392016575    | -39.77928674383273  | -18.51427580255573  | -57.012092550576796 | 98.07367239748027 | 16.709733117585333 | -1.48116138515877e-7 | 1.48111359468331e-7 |
| 3  | 0.000371284044757581421346975814046      | 6.38170556143382e-9  | 66.12912010815285    | -33.57848786622024  | -35.31220265099539  | -34.79090090017556  | 94.85854682689082 | 5.417747054957389  | -2.54126040538762e-6 | 2.54124765864050e-6 |
| 4  | 0.000000494985266968925164357973999624   | 1.22954672384717e-12 | 0.4499583637400377   | 32.3221787996892    | -84.16481340968824  | -31.928736480266267 | 96.88056061729708 | 72.905037377012    | -1.51161332290331e-8 | 1.51181147685816e-8 |
| 5  | 0.000132374168141364130209594596188      | 6.76293178058927e-10 | 21.29779604462965    | -36.12457213748566  | -5.686229288164782  | -48.72763594434031  | 94.9368453699355  | 7.825773960253546  | -8.27290164535300e-7 | 8.27296391829612e-7 |
| 6  | 0.00000231339152961152711503352297218    | 7.95339733834142e-12 | 0.7283298857796012   | -34.487038947012906 | 11.053854578749522  | -18.226383734991188 | 95.82675777382377 | 29.27876169690684  | -2.75147522613768e-8 | 2.75291194512635e-8 |
| 7  | 0.000123857737524535397840089179233      | 1.85338660669010e-10 | 10.234472134996622   | -72.34095834697692  | -47.91906589819372  | 24.17614733478534   | 98.53052266349884 | 9.970525688811339  | -3.80812240537674e-7 | 3.80891309906947e-7 |
| 8  | 0.0000310184717155548281600739579655     | 4.39018492465586e-11 | 4.403627617062256    | -36.72603554592404  | -82.79827160178401  | -21.657443812681976 | 99.26573240856173 | 12.656282387596873 | -1.47844862216714e-7 | 1.47885984530471e-7 |
| 9  | 0.00000245496090778430884956772158045    | 9.66376194894290e-12 | 1.4057798337128418   | -95.80476943404217  | -9.627209427484942  | -54.056772612036916 | 93.83202205093006 | 41.60689239001525  | -5.66316627210317e-8 | 5.66447095070051e-8 |
| 10 | 0.0000155226464479172823361305399992     | 3.80059116781082e-11 | 5.407712250457692    | -97.5227481444291   | 36.223811267507415  | -99.21908712822515  | 98.6491161106217  | 21.860457647065267 | -1.78823876046266e-7 | 1.78830967233159e-7 |
| 11 | 0.00000142893707430770230353662356843    | 6.46785752022557e-11 | 6.236850242150922    | -2.8074070699589697 | -31.67598250960559  | -97.09456889657326  | 99.65237434739444 | 15.873938444199409 | -1.90049646269848e-7 | 1.90099132496853e-7 |
| 12 | 0.0000505446620279692313362253364151     | 7.91811793261669e-11 | 2.200527099255595    | -24.386614180992012 | -92.52679167258519  | 32.46534649456808   | 99.33381697877589 | 9.366381313086613  | -9.74396702684968e-8 | 9.75806036705405e-8 |
| 13 | 0.00000594359360929973038579566049777    | 6.98854481312078e-10 | 2.4723226304365937   | -99.96446917613176  | -96.48441277995228  | -75.13638471273553  | 99.40398177449265 | 34.322960282268674 | -7.80881834097138e-8 | 7.94722542113172e-8 |
| 14 | 0.00000191661023310790623307175474521    | 8.42939831596412e-12 | 1.2785398541255972   | -99.08244672948531  | -39.8454573482931   | -55.33722460212807  | 99.23548851192136 | 46.719339667473605 | -4.09981793877087e-8 | 4.10113548687776e-8 |
| 15 | 0.000000729412784643193997459508295944   | 5.22500313586390e-12 | -1.1280288755380496  | -49.736903294016784 | -67.72102131032207  | 93.38555267331202   | 94.75931632895916 | 81.05879346507592  | -4.16868905587814e-8 | 4.16938651161682e-8 |
| 16 | 0.0000122354708844467173880013466380     | 1.00720873241760e-11 | -0.11013085726882821 | -71.14833310450359  | 77.60081064244429   | 14.247271365813745  | 91.64616145885557 | 21.5258733943694   | -1.86257710549629e-8 | 1.86208216910279e-8 |
| 17 | 0.00000377324211144947010439622617217    | 1.67815587321224e-11 | 2.799476477068268    | -94.58657675617204  | -69.18502707504912  | -95.73695339753871  | 98.14126165706134 | 36.64603668627433  | -9.28893040166105e-8 | 9.29043738294021e-8 |
| 18 | 0.00000275460650412710506741860959357    | 4.63392182145583e-12 | 1.4150543288096884   | -69.45259873841161  | 22.029771335349608  | -45.36601719443769  | 92.65092131938246 | 34.848188914855136 | -6.00788324955366e-8 | 6.00812156410160e-8 |
| 19 | 0.0000158317421629298852887163251424     | 4.29956616118286e-10 | 15.395563601794976   | -2.4282506037008034 | -35.65432881666548  | -83.7412083762519   | 98.09891907432663 | 6.458129032496151  | -5.00818770253320e-7 | 5.01141280532740e-7 |
| 20 | 0.0000682531555027325831331783123623     | 1.09065855460269e-10 | 9.202741521951424    | -70.85836350029294  | -67.92805015707684  | -37.91529886986995  | 99.17357070263296 | 12.066767308644998 | -3.11658244721717e-7 | 3.11670166366381e-7 |
| 21 | 0.000000358266092221882665748954044371   | 9.00490068292202e-12 | 0.2319149015875155   | 1.4490695153594828  | -81.05817759938066  | -3.839574668797056  | 96.56217673539882 | 21.27275327598339  | -7.90134419055947e-9 | 7.89687400458330e-9 |
| 22 | 0.0000517358940704620864589093065522     | 6.50515510194531e-11 | 4.772772160503607    | -84.21771030142556  | -67.61178668161696  | -23.870922509049237 | 90.71608064371195 | 14.469473125867783 | -2.41040371310103e-7 | 2.41033316804419e-7 |
| 23 | 0.0000125200230676363651743931981741     | 5.86102756957005e-11 | 5.10330236646513     | -49.92545095832013  | -99.8613502514625   | -85.61097063151004  | 94.95991253879761 | 19.5820094675069   | -1.93690855686702e-7 | 1.93732924385649e-7 |
| 24 | 0.00000521063040849581741650875521543    | 2.47383878999320e-11 | 2.486300386465416    | -24.109326772648146 | 29.121077270902532  | -45.0038073845221   | 90.91348066599075 | 20.030764215963327 | -1.12111183397283e-7 | 1.12104571624200e-7 |
| 25 | 0.00000202130317224957623922602933941    | 5.70149232200022e-11 | 5.325464228168528    | -4.6645305430613035 | -98.71032673974014  | -93.80710678140211  | 99.15415762101327 | 18.21983680244781  | -1.65702563358720e-7 | 1.65756475833652e-7 |
| 26 | 0.0000403068689239510514468398105770     | 9.81518467708333e-11 | 6.10955665097093     | -90.4564632509508   | 21.94097850970236   | -58.56037482956529  | 93.42536046067389 | 15.859907241096849 | -2.60721347711233e-7 | 2.60788138244061e-7 |
| 27 | 0.000000643834362706950118501812285049   | 7.38157398223031e-12 | 2.319562133404247    | -28.907512826402538 | 4.401694193170755   | -95.17561365864276  | 99.94942826283652 | 41.589530275985766 | -7.02329368878340e-8 | 7.02367299816286e-8 |
| 28 | 0.0000170719733967088952515580441149     | 2.08906292162599e-11 | 3.30472676663247     | -95.28119404708502  | -38.193162796446735 | -48.06637525012234  | 99.79485466554262 | 21.157466224963073 | -1.08300205682235e-7 | 1.08316367601105e-7 |
| 29 | 0.0000803281720881537252996681952588     | 1.39869347035649e-10 | 10.27223292686439    | -32.9219547052447   | -2.585819913244535  | -9.401100343780257  | 98.88383535668459 | 8.841235634010825  | -3.49695174252472e-7 | 3.49717917757895e-7 |
| 30 | 0.0000301081952495638588407616403897     | 4.80873201436053e-10 | 2.5937795690595493   | -16.61850923364763  | -51.44958999847577  | 5.704394717614065   | 98.92204598670898 | 9.885859953183829  | -9.33059796037535e-8 | 9.42497392172241e-8 |
| 31 | 0.00000287421633167407093332676448760    | 2.46188067586162e-12 | 0.4609379154001374   | -32.26344256807663  | -49.1767914450522   | -8.546925082147538  | 97.80713958946829 | 27.970072582037197 | -1.67597692213827e-8 | 1.67641020588382e-8 |
| 32 | 0.0000000121312668996670220319922771368  | 7.05479604715652e-12 | 1.2410788950127767   | 40.27162967158267   | -80.65277474331698  | -60.79222360293342  | 97.83197094208242 | 48.99448501105967  | -4.00959059207201e-8 | 4.01065897474401e-8 |
| 33 | 0.00000111889775727719471831722586330    | 1.12620287898218e-11 | 0.6782971504170092   | 98.13894995160473   | -65.75595226588146  | -51.396232094048685 | 71.97909613765235 | 75.82632100539008  | -7.39020918379473e-8 | 7.39183059856422e-8 |
| 34 | 0.00000185171504076251337362257406993    | 2.60882013720266e-12 | -1.3531119294638358  | -97.38288506555408  | -85.33512862902526  | 72.72279019741242   | 99.7807600272419  | 50.32314686188323  | -3.98164088030606e-8 | 3.98181132056000e-8 |
| 35 | 0.0000244934569747424067827877569581     | 1.61543030359484e-10 | 6.928753175216968    | -6.501142927043915  | 16.5839269418679    | -40.91844885109997  | 83.66542187350919 | 8.063651156768136  | -4.32406156352076e-7 | 4.32438860603742e-7 |
| 36 | 0.00000198244458199586563935164912342    | 2.57760081081870e-11 | 0.4130839387083398   | -9.507333954106656  | -62.377108726745114 | -10.709750089710695 | 75.67241039117718 | 30.749871926566243 | -3.87480949550528e-8 | 3.87356851510110e-8 |
| 37 | 0.000102754000935142289301603424345      | 1.47487635017837e-10 | 8.410145197386925    | -35.126396792897935 | 5.097292310287955   | 13.84943026701562   | 92.49997056822826 | 8.507491596788597  | -3.91985343189724e-7 | 3.92004832577371e-7 |
| 38 | 0.0000205782104818665976945276513410     | 1.47459364311546e-10 | 6.928456364504058    | -44.75200862098481  | 76.29006412980735   | -90.60044473559954  | 91.42971771347158 | 15.639187304539847 | -3.06846026811008e-7 | 3.06815820408905e-7 |
| 39 | 0.0000318823079485481151377872233166     | 1.42781813821636e-10 | 10.44386954102923    | -12.853375291559146 | 84.13455255194583   | -62.97107419505288  | 96.28277112629787 | 8.810294733002344  | -3.72743310988962e-7 | 3.72743735204340e-7 |
| 40 | 0.0000277419404392424929714239950629     | 6.84268607059160e-11 | 3.8372866720662415   | -98.61270776174432  | -87.54154796387772  | -48.212262099693405 | 88.09326790980927 | 19.1103040376695   | -2.08709679824245e-7 | 2.08772444124335e-7 |
| 41 | 0.000113635339886959742011947327445      | 2.39925235289748e-10 | 13.456756717395606   | -58.67709465425885  | -4.33019269054391   | -16.028029184086876 | 97.9265128982012  | 9.579555071401902  | -4.81324619539173e-7 | 4.81328671439403e-7 |
| 42 | 0.0000486866187907913130486145525389     | 1.59781506677976e-10 | 9.909667189166996    | -70.90643699901466  | -55.147670229337685 | -87.53526345669884  | 95.4703245742655  | 13.689488342922818 | -3.76913750331447e-7 | 3.76904910742023e-7 |
| 43 | 0.00000951448395163634285905725901378    | 5.87421853164650e-12 | 1.1964366629035226   | -75.05373825509565  | 1.5701397434004747  | -15.724699565872584 | 99.56359278158607 | 23.63285361450078  | -4.22286125813155e-8 | 4.22365529851664e-8 |
| 44 | 0.000101530447423786048368257728391      | 1.51189693166080e-10 | 8.967340046900162    | -59.94081539864526  | 9.914112703715688   | 10.584602578978846  | 97.66975612253222 | 10.024192426014334 | -3.40164052252774e-7 | 3.40235769137843e-7 |
| 45 | 0.0000132988767105301895375332743576     | 1.62898065436872e-11 | 2.274910113366161    | -50.75720242068789  | 44.86780155120172   | -31.009141733319183 | 90.62375924948125 | 18.942067583024112 | -1.09330452072083e-7 | 1.09341501506611e-7 |
| 46 | 0.000000389518835219819944780525119987   | 7.22882750609348e-13 | -0.15449248584728537 | -90.12510932635993  | -16.467754197681913 | 14.28706432088049   | 99.43284336292774 | 81.79474814349204  | -4.34030477615725e-9 | 4.34170910898137e-9 |
| 47 | 0.0000440275780220624620938697779682     | 5.21601275400826e-11 | 3.1260637784375405   | -25.862425309790083 | -54.084291341551015 | -3.1699651555949515 | 84.67825847758486 | 10.553772778388693 | -2.08910488761668e-7 | 2.08948663081008e-7 |
| 48 | 0.00000100260668316512794882356708615    | 6.38649406077435e-12 | 0.4959854790115088   | -72.69017689071875  | -73.22024942949825  | -28.076418150369236 | 99.72955399183473 | 62.43985907423599  | -1.56127811602032e-8 | 1.56250137732952e-8 |
| 49 | 0.0000433465348279169675541067086044     | 2.44177365134458e-11 | 2.6641279787119885   | -71.39055608736433  | -88.9936249408394   | 6.445134382187618   | 96.14038093450768 | 14.265021134802414 | -1.19462278431004e-7 | 1.19484433379263e-7 |
| 50 | 0.0000263421659422171947962688920430     | 5.98962846292378e-11 | 7.05624135733504     | -99.9477620751055   | -21.410354243422702 | -99.80354732879555  | 99.17827562358046 | 18.578895641314407 | -2.29996759782223e-7 | 2.30001679191545e-7 |
| 51 | 0.0000504069193505255494589661902083     | 1.36641251481023e-10 | 10.312324725047972   | -71.22181395132903  | -72.10919667339402  | -81.31384115040181  | 99.92549132873168 | 13.349555053889883 | -3.27861239688906e-7 | 3.27851683583578e-7 |
| 52 | 0.00000176160884559547581064322795824    | 1.72102879580487e-11 | 1.498461751144518    | -88.22900112605814  | -93.36863141914426  | -74.6445170089646   | 97.07189220723419 | 52.64965428712609  | -5.17065059538482e-8 | 5.17353142331315e-8 |
| 53 | 0.0000713757439019909920539797010264     | 1.46379080893763e-10 | 9.611114690543715    | -78.16298164888488  | -37.82994070997583  | -44.75962608921766  | 97.88955122653562 | 12.32325361136315  | -3.42611169865453e-7 | 3.42598629076427e-7 |
| 54 | 0.00000779533892630617159576894570350    | 2.26349107945973e-11 | -0.44302645312279765 | -12.984075118441837 | -39.89537564697976  | 15.087096469137592  | 98.45608454842079 | 14.296855684167664 | -1.52827507352567e-8 | 1.52715395326118e-8 |
| 55 | 0.00000827444943562132386241647630243    | 1.13066781662897e-10 | -7.576964163395687   | -1.373610161803171  | -91.12381118553768  | 60.23851696245342   | 99.92282990572184 | 6.713329589573669  | -2.27223601687076e-7 | 2.27334986412173e-7 |
| 56 | 0.00000836199200461095464725642251169    | 8.61806561613364e-11 | 5.362936128502753    | -35.11622484488619  | 46.02352833701261   | -97.98955793800471  | 87.93195510464221 | 19.568743092344686 | -2.74068159212019e-7 | 2.74057294751259e-7 |
| 57 | 0.000000737964586796670523466401547807   | 3.95094470479667e-12 | -0.9762965395228207  | -87.46760485658234  | -44.7537591790333   | 76.81760784870954   | 93.78945812650541 | 76.39759028232652  | -3.72712852407251e-8 | 3.72764655685840e-8 |
| 58 | 0.0000119809423946201045374417709644     | 2.20959453969672e-11 | 2.41923040465268     | -54.02480094881916  | 90.68556629840677   | -33.26690274303472  | 99.00312211422586 | 19.333220431412236 | -8.15151997005136e-8 | 8.15451270749234e-8 |
| 59 | 0.0000915357834364438079739409448443     | 6.13435559660368e-11 | 5.602878931559687    | -48.773558279282646 | -39.36561188793768  | 28.559830851288837  | 94.82499498616251 | 9.79534596387337   | -2.57362413406133e-7 | 2.57361605450322e-7 |
| 60 | 0.0000217084829802297469550018127471     | 2.72208720078988e-11 | 0.17532498242023564  | -89.2597517920094   | -38.97864501312818  | 20.931202022393208  | 96.16276356619801 | 19.346710976008787 | -3.12911486160324e-8 | 3.13442488402594e-8 |
| 61 | 0.00000000549840618549037304001257230740 | 2.34134545709544e-10 | 2.2609951982473007   | 3.210003942474998   | -61.5253865503077   | -42.37545104724922  | 99.20180118281627 | 18.94368168200161  | -6.95374565804304e-8 | 6.99950630085192e-8 |
| 62 | 0.00000497544760217990421666918107735    | 3.44807567984133e-12 | 0.6950123789915921   | -78.52011623553186  | 57.387185873704595  | -13.254160043433274 | 99.04571946393055 | 29.077847371278388 | -2.54255809828388e-8 | 2.54241979821659e-8 |
| 63 | 0.00000102065730921170451764615986351    | 1.43406410049781e-12 | -0.776056417469178   | -78.9787435325238   | -35.96279744087536  | 48.313846771324364  | 92.54250040527205 | 58.98721801336545  | -3.08294733670546e-8 | 3.08305290350829e-8 |
| 64 | 0.000000271974027969965925301579993262   | 2.33151018670097e-11 | 3.7237943372834224   | 1.9658817856433473  | -62.63842339628503  | -91.94777912528728  | 96.46586194519247 | 24.910704357744528 | -1.28891166563959e-7 | 1.28903372914069e-7 |
| 65 | 0.00000815172915609873070330940181272    | 1.88459032475190e-11 | 2.3021155564410805   | -98.75056022903242  | -37.986989871383955 | -56.34183463285047  | 89.72867862177146 | 28.710027140537964 | -1.12674202475659e-7 | 1.12689223746789e-7 |
| 66 | 0.00000333350220570390914483975379479    | 4.41092882670803e-12 | 1.2661958783401843   | -69.986084153234    | 30.502269374962907  | -36.126954522067976 | 96.48837428670647 | 32.35548109203014  | -4.63681397112357e-8 | 4.63670410644628e-8 |
| 67 | 0.0000790372554032957032018116838579     | 4.80535009989771e-10 | 15.514799886173918   | -50.63646099437602  | -11.838186064927655 | -91.32311449004968  | 94.04156849962304 | 10.4436879856306   | -6.22070638669053e-7 | 6.22279195987726e-7 |
| 68 | 0.0000131130204282673062872758770747     | 8.04529642519041e-11 | 7.228816201364424    | -24.557124685837664 | 30.392860938458654  | -91.36180638321383  | 99.10401286222653 | 14.594567650088319 | -2.28954001535477e-7 | 2.29000520323649e-7 |
| 69 | 0.00000248920040554489789837275433293    | 3.88158443053026e-11 | 0.6831104245754318   | -36.23386855739612  | -24.918603821587055 | -17.34043228665911  | 94.7067005908225  | 30.598548486471255 | -2.70470399960627e-8 | 2.71232132424161e-8 |
| 70 | 0.0000213867083747222614276573687819     | 2.49613185095372e-10 | 5.5023679977552575   | -87.03011306241544  | 57.749897474139345  | -86.2552832768998   | 91.8691858264758  | 19.391185061196182 | -2.43267653658062e-7 | 2.43656272468844e-7 |
| 71 | 0.00000878518146826772454308432380721    | 7.89351458771892e-11 | 4.863303176785365    | -38.56589240266961  | -98.98685159823432  | -88.00052092553288  | 96.4423687960591  | 20.316574740965997 | -1.72148192500573e-7 | 1.72244739403114e-7 |
| 72 | 0.0000280030035790266719855114152526     | 5.92691493983391e-11 | 1.269734827402786    | -41.5617740076583   | -45.655855124173605 | 13.002307385857861  | 98.5899578563283  | 13.655885009480029 | -5.83420500973475e-8 | 5.84542872063713e-8 |
| 73 | 0.0000116585038097424692764454701166     | 6.43175447746364e-12 | -2.1614112254088553  | -99.60723490600947  | -18.566022512292577 | 68.37699533872413   | 99.18905018689476 | 24.395965900096183 | -6.33794096089865e-8 | 6.33836604561921e-8 |
| 74 | 0.000000542535852689801848472851263788   | 8.95975608713602e-11 | 0.9884611324800545   | 1.4976679408432716  | -99.61774368686036  | -13.92304556754766  | 86.02160429947895 | 15.508829423159687 | -5.37409609937100e-8 | 5.39153822339457e-8 |
| 75 | 0.0000319025016563196075407120300138     | 2.45811430740444e-10 | 12.364259710116826   | -18.276841207786347 | -1.9177404813811592 | -97.2990080855574   | 92.97244561092583 | 10.091102918058237 | -5.05593754300950e-7 | 5.05594978643470e-7 |
| 76 | 0.00000118717983730908238660663959335    | 2.90318021593881e-12 | -1.0682376753994305  | -97.90831020153306  | -86.76783648519097  | 74.72934004678973   | 98.00806871716583 | 66.70673178814062  | -3.40251781630044e-8 | 3.40243444594479e-8 |
| 77 | 0.00000988515325176522371140083039753    | 2.70040380445061e-11 | 2.153310752823458    | -29.914393982759236 | -86.06054366697138  | -26.422172521957265 | 97.41710184041696 | 17.70928123790487  | -7.57881460226148e-8 | 7.58301249270537e-8 |
| 78 | 0.000179190285586059517902376980736      | 5.32517805506784e-10 | 16.816441881450643   | -78.42086359752352  | -82.1811745655472   | -3.182127474503062  | 92.7325514390236  | 9.243641040225125  | -7.61335061804160e-7 | 7.61332850075765e-7 |
| 79 | 0.0000720904469565832582179931709021     | 2.34584041316472e-10 | 12.875952147328547   | -82.01557177686063  | -35.786259590130726 | -88.19078608543725  | 97.11778139622376 | 12.515378995412863 | -4.61001965158819e-7 | 4.61032426492946e-7 |
| 80 | 0.000000697493321092841915467136493234   | 8.72186278579499e-12 | -0.7772650893591617  | -32.37231534562572  | 3.5706445408409024  | 34.865048125658916  | 93.11727022062868 | 43.2171386965709   | -3.03319167568237e-8 | 3.03475840093827e-8 |
| 81 | 0.000134536503314422787279391879878      | 2.34085414452198e-10 | 10.155114832697308   | -70.7178792647563   | -83.31389069649195  | 9.518347275076707   | 91.14709565504413 | 9.8888333014579    | -5.10759998004326e-7 | 5.10775386918523e-7 |
| 82 | 0.0000192127153429743274338017955394     | 1.43941952719252e-10 | 8.750408182342937    | -24.94736815127807  | -30.85329957286669  | -92.87113237667495  | 99.20593471199905 | 13.011745748971537 | -2.76570744651468e-7 | 2.76540465186461e-7 |
| 83 | 0.00000120298193142081439184183991320    | 3.03164189990110e-12 | 0.36595167162730036  | -2.4316462653339244 | -44.38254302406948  | -4.370078740491223  | 98.42717164842149 | 16.70618810150659  | -1.20230070124622e-8 | 1.20287589250176e-8 |
| 84 | 0.000000176522332057347555690166723830   | 6.62956386414156e-12 | 1.3402636012163356   | -97.71094628723027  | 93.44327612715892   | -74.45598604214318  | 94.03348624092067 | 56.21812334969407  | -5.26296765290439e-8 | 5.26277216801075e-8 |
| 85 | 0.000000868725379841057225978545944245   | 1.51236135445319e-12 | 0.7329449325486053   | -36.28589623570786  | -21.14164137958153  | -34.28290632667641  | 85.56510757632459 | 48.86690700038867  | -4.18830826425440e-8 | 4.18832465770624e-8 |
| 86 | 0.0000322834883478473517754575583538     | 5.77646438793610e-11 | 6.446199491309116    | -71.96217461497318  | 41.944924243090384  | -63.38809518897677  | 99.72019215392777 | 15.456622188216574 | -2.08445240390786e-7 | 2.08439983579666e-7 |
| 87 | 0.000000669103027187344786625355572141   | 4.47766152048360e-12 | 1.6139831585758344   | -67.34813923094143  | 16.564795249779834  | -83.2216096090109   | 97.6009837485278  | 52.635922522368006 | -5.41698994041746e-8 | 5.41726320430184e-8 |
| 88 | 0.0000366038013921568062061795423290     | 3.28498150651275e-10 | 4.896545762615688    | -98.1919325597261   | -87.50673579245347  | -38.27687106824922  | 99.8706822021567  | 16.647138951547312 | -1.63787490004249e-7 | 1.64386426229097e-7 |
| 89 | 0.0000168645200635219710263643100312     | 8.01325711995137e-11 | 6.391681357291105    | -47.87491913675961  | -98.67877836985772  | -91.50718207858904  | 96.39005636283818 | 17.27335654256227  | -2.28625580209457e-7 | 2.28678055933672e-7 |
| 90 | 0.0000421866703073922800397779764303     | 7.54437754264760e-11 | 7.578472778994055    | -48.72106256477402  | 41.44829007699644   | -49.842400271422036 | 99.07233677504824 | 12.451123282572285 | -2.51192230299746e-7 | 2.51207823216385e-7 |
| 91 | 0.0000120103984006148090639279693570     | 9.11449970004250e-11 | 8.708581084014355    | -14.340845713391644 | 53.222092115014306  | -96.22855896833936  | 99.43305750163495 | 12.476204379146916 | -2.70514679242630e-7 | 2.70509244546482e-7 |
| 92 | 0.00000144884110258153980979698317172    | 1.13735808807378e-11 | -1.9335180825406297  | -56.848293216500736 | -91.99918821935739  | 97.695252215322     | 99.92803185257033 | 48.699599806930735 | -5.74525524461063e-8 | 5.74679597346233e-8 |
| 93 | 0.000229064928098185585430765498494      | 1.14203301112857e-9  | 29.61847534775424    | -38.04985342051865  | 74.23943274498995   | 22.190575289510875  | 97.4123045982033  | 6.569475032349925  | -1.05684378619063e-6 | 1.05684615427455e-6 |
| 94 | 0.0000159777411574780548505353428013     | 2.25865359143976e-11 | 0.9088965412569934   | -83.7712907929242   | -55.2148986613324   | -3.4703067806290306 | 90.05057350283334 | 21.597258792931186 | -5.46214186160211e-8 | 5.46615888732867e-8 |
| 95 | 0.000000601714320504728887570636795823   | 2.90248828557225e-12 | -0.5312980409825911  | -1.5493601245613462 | -56.138189815625196 | 24.566729086700676  | 90.204418984125   | 44.17042942783925  | -2.40356906565290e-8 | 2.40404482793891e-8 |
| 96 | 0.00000598214524585124480377234384987    | 5.48249261514593e-12 | 1.8635477025111555   | -48.77685259098779  | -82.78926470268146  | -38.07478800975663  | 97.66968860774092 | 24.927090127665853 | -6.43787889679376e-8 | 6.43809870964472e-8 |
| 97 | 0.000124239563681793110374793065454      | 2.03756714393622e-10 | 11.600022008922267   | -56.39892665886652  | 64.09902598267024   | 11.019271998890545  | 96.69080519031245 | 9.203028283827287  | -4.50405256018644e-7 | 4.50413892579255e-7 |
| 98 | 0.0000233978749991500430940784965861     | 2.37759724796021e-10 | 7.886929517356393    | -21.84108487855272  | -99.52500336427099  | -67.73000874679519  | 98.70702232943228 | 11.803162485363272 | -2.55552933515837e-7 | 2.55887298300369e-7 |
