,V,fitness,V_O,AH3,AH3_O,AF3,AF3_O,AF5,AF5_O,AD5,AD5_O,s,taquiónico
0,0.5938310059811496,2.5634283212726485,0.0080612,76.53045127951262,0.1867261407714342,98.38348041851174,0.02802118005788559,-58.19094829942496,-0.2154453819018272,-44.457311253668806,0.2179254612269642,1.0103041172259097,0
1,-0.2863338355708964,1.2299451157799766,0.0080612,30.610293177842518,0.1867261407714342,82.91955019301358,0.02802118005788559,-50.87391419742591,-0.2154453819018272,-60.07664057788565,0.2179254612269642,1.0103041172259097,0
2,-0.3666655339770095,2.064760977078959,0.0080612,51.692323673965916,0.1867261407714342,89.92489763105029,0.02802118005788559,-25.547057922381384,-0.2154453819018272,-60.37709159888147,0.2179254612269642,1.0103041172259097,0
3,-0.47011515773298296,1.0528177855958554,0.0080612,3.7842899391624956,0.1867261407714342,-9.396216018151117,0.02802118005788559,66.20564434020596,-0.2154453819018272,22.568964624262943,0.2179254612269642,1.0103041172259097,0
4,-0.8362535097000618,2.802940501972173,0.0080612,52.67917693434882,0.1867261407714342,92.96925571630537,0.02802118005788559,34.12211106403235,-0.2154453819018272,-47.40242964873146,0.2179254612269642,1.0103041172259097,0
5,-0.570646837596344,2.1263101225962817,0.0080612,-4.35225243098753,0.1867261407714342,13.111498763520132,0.02802118005788559,23.135734163300604,-0.2154453819018272,-14.90458006576634,0.2179254612269642,1.0103041172259097,0
6,0.22788842640413876,1.57073704867021,0.0080612,63.84201961128031,0.1867261407714342,99.2256175621569,0.02802118005788559,-85.71971399932009,-0.2154453819018272,-61.79724793069744,0.2179254612269642,1.0103041172259097,0
7,-0.9331149114610806,4.0091926179699175,0.0080612,17.21151506818271,0.1867261407714342,58.208163914197804,0.02802118005788559,50.99243255030691,-0.2154453819018272,-55.84396150198907,0.2179254612269642,1.0103041172259097,0
8,0.2222210653879958,2.4907296425205425,0.0080612,5.71243337358805,0.1867261407714342,8.550844078456763,0.02802118005788559,41.16552729955505,-0.2154453819018272,-11.907525699054737,0.2179254612269642,1.0103041172259097,0
9,0.14989173465162953,0.29356714374714177,0.0080612,55.920523562041566,0.1867261407714342,74.23421927966525,0.02802118005788559,-38.138607847278074,-0.2154453819018272,-28.773961241774842,0.2179254612269642,1.0103041172259097,0
10,1.080725730572417,0.8790994606289861,0.0080612,36.462591598139994,0.1867261407714342,28.679686055216592,0.02802118005788559,-5.360161310200553,-0.2154453819018272,19.59419830048263,0.2179254612269642,1.0103041172259097,0
11,2.1741789580784254,2.0870497051076558,0.0080612,29.769738827334685,0.1867261407714342,-5.512780756227826,0.02802118005788559,7.073493669497097,-0.2154453819018272,56.49434186515292,0.2179254612269642,1.0103041172259097,0
12,-0.7026684758216533,2.5668373792936734,0.0080612,36.70605931011347,0.1867261407714342,25.14844750199512,0.02802118005788559,56.25620892517614,-0.2154453819018272,0.807822998459546,0.2179254612269642,1.0103041172259097,0
13,0.15143341485185996,0.15838068559227345,0.0080612,5.0768804772375145,0.1867261407714342,-15.132287943297573,0.02802118005788559,53.948197072028165,-0.2154453819018272,31.76451791957585,0.2179254612269642,1.0103041172259097,0
14,0.8389487998637435,0.6183947590650875,0.0080612,51.35521780119892,0.1867261407714342,65.33471536040436,0.02802118005788559,-48.73938180369758,-0.2154453819018272,-18.470224304000823,0.2179254612269642,1.0103041172259097,0
15,-0.3439968633134374,2.8400938134059848,0.0080612,11.392615486281294,0.1867261407714342,6.797018616741774,0.02802118005788559,10.114422678102379,-0.2154453819018272,2.267900265362613,0.2179254612269642,1.0103041172259097,1
16,0.31445209922101025,0.3582831160671146,0.0080612,65.63434638144636,0.1867261407714342,77.56973505385731,0.02802118005788559,-34.54056287506398,-0.2154453819018272,-20.586993305638437,0.2179254612269642,1.0103041172259097,0
17,-0.42538435243832495,1.1222295593135798,0.0080612,47.07612137504014,0.1867261407714342,99.46080651123141,0.02802118005788559,-53.06216195156517,-0.2154453819018272,-64.23451773815864,0.2179254612269642,1.0103041172259097,0
18,0.43196102718027485,1.0527957221991049,0.0080612,4.377049838033687,0.1867261407714342,-27.399591031392674,0.02802118005788559,94.87539846473562,-0.2154453819018272,52.78438095342868,0.2179254612269642,1.0103041172259097,0
19,-0.13206266825552326,1.3710764970316305,0.0080612,33.838912976715434,0.1867261407714342,47.50824249476625,0.02802118005788559,29.92641501296393,-0.2154453819018272,-4.015917765013381,0.2179254612269642,1.0103041172259097,0
20,2.1948404275084186,3.834548592962469,0.0080612,29.01258233247944,0.1867261407714342,20.87982302635922,0.02802118005788559,-35.7954604146133,-0.2154453819018272,10.906450244254984,0.2179254612269642,1.0103041172259097,0
21,-0.2890317996039049,3.5427986269323557,0.0080612,39.125950432331244,0.1867261407714342,43.453319547873946,0.02802118005788559,30.571685440086316,-0.2154453819018272,-25.342731907300553,0.2179254612269642,1.0103041172259097,0
22,-0.409313170089054,1.727756201962309,0.0080612,47.02137019850509,0.1867261407714342,79.86482451724973,0.02802118005788559,-12.20372321096767,-0.2154453819018272,-28.861327298605,0.2179254612269642,1.0103041172259097,0
23,1.1483380866980286,3.8973210959078832,0.0080612,19.318522590758747,0.1867261407714342,3.6665775672759935,0.02802118005788559,65.3030139973271,-0.2154453819018272,29.454008677960623,0.2179254612269642,1.0103041172259097,0
24,-0.4064694529020659,3.199731538793173,0.0080612,4.602421539643945,0.1867261407714342,21.951063125722442,0.02802118005788559,61.46143836768445,-0.2154453819018272,-28.029884050666226,0.2179254612269642,1.0103041172259097,0
25,0.9496692690898036,1.5969732323737844,0.0080612,-3.1584517587818155,0.1867261407714342,-23.997183227217604,0.02802118005788559,20.384367855143438,-0.2154453819018272,38.248504019520425,0.2179254612269642,1.0103041172259097,1
26,-0.24617501666161257,2.9763347232013304,0.0080612,46.73988154868621,0.1867261407714342,84.34242697666001,0.02802118005788559,27.427356945346922,-0.2154453819018272,-38.39371195884834,0.2179254612269642,1.0103041172259097,0
27,0.22996628258149343,0.6174786121541733,0.0080612,27.85806265519097,0.1867261407714342,9.315497130982193,0.02802118005788559,44.21706591529218,-0.2154453819018272,18.13884860870327,0.2179254612269642,1.0103041172259097,0
28,-0.00016245622286215067,0.7790908566189936,0.0080612,38.063249190788326,0.1867261407714342,51.456973882625604,0.02802118005788559,17.839814313878335,-0.2154453819018272,-6.913274406505549,0.2179254612269642,1.0103041172259097,0
29,0.26351230665991743,0.9262874487331166,0.0080612,51.34732045484121,0.1867261407714342,81.05190433973138,0.02802118005788559,-67.39359033553792,-0.2154453819018272,-49.33012559401263,0.2179254612269642,1.0103041172259097,0
30,0.21152613586531643,2.8367311602199554,0.0080612,11.625126110248644,0.1867261407714342,16.41493256708025,0.02802118005788559,69.9601633821179,-0.2154453819018272,0.23799030734656412,0.2179254612269642,1.0103041172259097,0
31,0.49685409409196657,0.44259945817773966,0.0080612,45.522183252495935,0.1867261407714342,74.2720191174831,0.02802118005788559,-60.06495399253654,-0.2154453819018272,-36.49210858808732,0.2179254612269642,1.0103041172259097,0
32,0.6841384686382019,0.3093208806345066,0.0080612,31.464412728403417,0.1867261407714342,25.543755131192682,0.02802118005788559,-12.504938320472114,-0.2154453819018272,5.6691355077456596,0.2179254612269642,1.0103041172259097,0
33,-0.32374939577424566,1.7080602090442185,0.0080612,63.66791384266817,0.1867261407714342,99.36258411261603,0.02802118005788559,-3.806114697544853,-0.2154453819018272,-48.758943611547025,0.2179254612269642,1.0103041172259097,0
34,-0.27961199482939847,0.9151067443699341,0.0080612,34.329945534555264,0.1867261407714342,57.779927249255664,0.02802118005788559,-29.476520992838886,-0.2154453819018272,-38.380648505437875,0.2179254612269642,1.0103041172259097,0
35,0.9607964674285561,2.2520378422124114,0.0080612,14.801684918517308,0.1867261407714342,-1.8825610799978563,0.02802118005788559,30.99871254189975,-0.2154453819018272,15.564056467635226,0.2179254612269642,1.0103041172259097,0
36,1.1319585151869087,2.4691539321160345,0.0080612,7.931046870730253,0.1867261407714342,-5.380745854056869,0.02802118005788559,-15.83497170820202,-0.2154453819018272,11.310990557849962,0.2179254612269642,1.0103041172259097,1
37,-0.368585394816189,2.581769463242606,0.0080612,18.951741553127082,0.1867261407714342,7.801967466211309,0.02802118005788559,27.03285692218971,-0.2154453819018272,8.314480606591985,0.2179254612269642,1.0103041172259097,1
38,1.9818955444336552,3.696082209607817,0.0080612,19.08733423111713,0.1867261407714342,-12.761290435616672,0.02802118005788559,36.16528895793123,-0.2154453819018272,61.25582344377322,0.2179254612269642,1.0103041172259097,0
39,2.638471716358203,4.453702806173734,0.0080612,1.4804422328445028,0.1867261407714342,-26.44459362213624,0.02802118005788559,-18.698355775785885,-0.2154453819018272,45.10427628326811,0.2179254612269642,1.0103041172259097,1
40,1.5555130620497395,1.8305753949301298,0.0080612,5.565494192121921,0.1867261407714342,-40.69461831439337,0.02802118005788559,32.91784318755694,-0.2154453819018272,71.16332895738789,0.2179254612269642,1.0103041172259097,1
41,3.835644767469663,7.128105182869111,0.0080612,30.30446172490204,0.1867261407714342,-22.016717726214562,0.02802118005788559,-3.3920310339167505,-0.2154453819018272,89.00515847780864,0.2179254612269642,1.0103041172259097,0
42,0.37813039752003785,0.6610971535668477,0.0080612,43.07202627911397,0.1867261407714342,57.732539239484424,0.02802118005788559,-39.62416991924336,-0.2154453819018272,-26.68002890024006,0.2179254612269642,1.0103041172259097,0
43,0.5108531649443293,0.6380037709871834,0.0080612,3.602878984190287,0.1867261407714342,-19.767191834181105,0.02802118005788559,56.44816694473477,-0.2154453819018272,37.922812854455984,0.2179254612269642,1.0103041172259097,0
44,1.1377943638994648,1.7099647240372133,0.0080612,49.60129969092303,0.1867261407714342,88.13970202114771,0.02802118005788559,-96.62463980823586,-0.2154453819018272,-51.584241178469696,0.2179254612269642,1.0103041172259097,0
45,0.1467717946760274,0.32790651246945096,0.0080612,45.103763733131665,0.1867261407714342,48.37978944590685,0.02802118005788559,16.260335938170947,-0.2154453819018272,-1.590692881541898,0.2179254612269642,1.0103041172259097,0
46,0.4272181380957809,1.4478588164398838,0.0080612,64.46587227656262,0.1867261407714342,91.67974332433894,0.02802118005788559,-39.766771049887936,-0.2154453819018272,-41.39277050725469,0.2179254612269642,1.0103041172259097,0
47,-1.2601735666564584,3.6590976906987596,0.0080612,9.891486608257793,0.1867261407714342,-3.8280904388829917,0.02802118005788559,76.48862267146578,-0.2154453819018272,21.879702782004994,0.2179254612269642,1.0103041172259097,0
48,-0.7265758722476758,2.5447842688298774,0.0080612,22.794061002261056,0.1867261407714342,50.45960392334135,0.02802118005788559,-12.578701222703895,-0.2154453819018272,-50.806715303666884,0.2179254612269642,1.0103041172259097,0
49,-1.5913036939500147,7.020458679499129,0.0080612,32.3792543118158,0.1867261407714342,90.7293620431639,0.02802118005788559,93.5061836854212,-0.2154453819018272,-58.10589022412777,0.2179254612269642,1.0103041172259097,0
50,-0.5700582246149963,1.8638116185537914,0.0080612,3.865275107492902,0.1867261407714342,13.285770396417803,0.02802118005788559,7.820604386710755,-0.2154453819018272,-10.674649841857374,0.2179254612269642,1.0103041172259097,0
51,2.352638975781752,2.2136874059439595,0.0080612,38.91328794722827,0.1867261407714342,6.13685438682279,0.02802118005788559,-21.32889286930068,-0.2154453819018272,42.07957135666085,0.2179254612269642,1.0103041172259097,0
52,-1.119724580321503,2.901597689656051,0.0080612,19.283321420582062,0.1867261407714342,26.793818180749128,0.02802118005788559,72.11481198805447,-0.2154453819018272,-19.275817709238638,0.2179254612269642,1.0103041172259097,0
53,1.496597395408442,2.7080880284052977,0.0080612,32.85434846149295,0.1867261407714342,55.42234068030784,0.02802118005788559,-65.12804280191511,-0.2154453819018272,-27.333324466162807,0.2179254612269642,1.0103041172259097,0
54,0.11457036476299953,0.8928419901525433,0.0080612,8.733093854417517,0.1867261407714342,13.111365162655268,0.02802118005788559,26.11414798233322,-0.2154453819018272,-8.481497427203639,0.2179254612269642,1.0103041172259097,0
55,-0.3204073025889924,0.738531873160863,0.0080612,25.308654526542334,0.1867261407714342,34.926430300832536,0.02802118005788559,20.464000062459256,-0.2154453819018272,-10.955093824251705,0.2179254612269642,1.0103041172259097,0
56,-0.16728338431151268,3.2755223560421367,0.0080612,57.621986230899154,0.1867261407714342,98.75405979216173,0.02802118005788559,-86.29848944637237,-0.2154453819018272,-77.38478060138888,0.2179254612269642,1.0103041172259097,0
57,-0.31659819390217914,2.421047595703068,0.0080612,34.2095617531394,0.1867261407714342,11.94973467353061,0.02802118005788559,47.328313703649414,-0.2154453819018272,12.374920949286532,0.2179254612269642,1.0103041172259097,0
58,2.655004868615497,3.770223045397861,0.0080612,46.30063519216073,0.1867261407714342,30.79561842877484,0.02802118005788559,-65.2511741177421,-0.2154453819018272,15.161779414845611,0.2179254612269642,1.0103041172259097,0
59,-0.27209695779452625,2.8687959303475488,0.0080612,35.39043638165019,0.1867261407714342,66.10461148523167,0.02802118005788559,40.935666758554426,-0.2154453819018272,-30.40504534294141,0.2179254612269642,1.0103041172259097,0
60,-0.07514711500272092,1.8241302323188213,0.0080612,1.3246898893911414,0.1867261407714342,-26.76285452015493,0.02802118005788559,78.5317873024988,-0.2154453819018272,43.73051241895599,0.2179254612269642,1.0103041172259097,1
61,1.653674815025577,1.2940969006564718,0.0080612,22.664607450148495,0.1867261407714342,8.962554369366217,0.02802118005788559,-29.869550984654154,-0.2154453819018272,17.37227718796376,0.2179254612269642,1.0103041172259097,0
62,0.4897948774055072,0.4577734861468858,0.0080612,28.950530804658356,0.1867261407714342,-5.127945429990405,0.02802118005788559,46.60020215258384,-0.2154453819018272,39.203269597147425,0.2179254612269642,1.0103041172259097,0
63,-2.01375504025507,4.253996551660357,0.0080612,30.23097962258656,0.1867261407714342,95.87231507067413,0.02802118005788559,16.55461846745426,-0.2154453819018272,-90.57434442333093,0.2179254612269642,1.0103041172259097,0
64,0.0538633020850961,1.5891961626601057,0.0080612,3.2762761065474195,0.1867261407714342,-20.47316598199821,0.02802118005788559,82.99211757118185,-0.2154453819018272,50.3252225533847,0.2179254612269642,1.0103041172259097,0
65,0.4761310286961238,0.27734727381733054,0.0080612,34.78874615744062,0.1867261407714342,17.010440663260994,0.02802118005788559,19.096119226034652,-0.2154453819018272,19.74153471125946,0.2179254612269642,1.0103041172259097,0
66,1.4981351637924534,1.4705929775621636,0.0080612,18.46369720379816,0.1867261407714342,-32.371765984675534,0.02802118005788559,50.032595040131824,-0.2154453819018272,71.01253956429431,0.2179254612269642,1.0103041172259097,0
67,-1.1840316160124384,2.6792153646636,0.0080612,42.009939118994595,0.1867261407714342,93.32781851700867,0.02802118005788559,-13.928486136613387,-0.2154453819018272,-59.463778173490766,0.2179254612269642,1.0103041172259097,0
68,-0.8083547112238074,3.24121244116991,0.0080612,33.45154439310866,0.1867261407714342,94.7785408008175,0.02802118005788559,-3.1400696783836253,-0.2154453819018272,-70.97068334532403,0.2179254612269642,1.0103041172259097,0
69,-0.18972748548822893,1.0561831525656373,0.0080612,13.829320285404256,0.1867261407714342,27.55287398513105,0.02802118005788559,15.99571798252504,-0.2154453819018272,-22.648099963559332,0.2179254612269642,1.0103041172259097,0
70,1.2023319146152498,1.0347801091379494,0.0080612,39.74753147652017,0.1867261407714342,19.481818952660177,0.02802118005788559,14.410855421451899,-0.2154453819018272,28.652106755367136,0.2179254612269642,1.0103041172259097,0
71,0.0038614767291653695,0.5768492105356993,0.0080612,18.496251701192776,0.1867261407714342,-0.6629436531417809,0.02802118005788559,53.10414831410752,-0.2154453819018272,36.852610546804485,0.2179254612269642,1.0103041172259097,0
72,-0.35036293653617,3.192271940662023,0.0080612,13.55625783335342,0.1867261407714342,38.90833627236792,0.02802118005788559,59.60568650969374,-0.2154453819018272,-26.6059293830549,0.2179254612269642,1.0103041172259097,0
73,0.6341901996654367,0.6060246947172518,0.0080612,13.014095069699614,0.1867261407714342,18.794873335079885,0.02802118005788559,-29.06175952720512,-0.2154453819018272,-7.351261260530109,0.2179254612269642,1.0103041172259097,0
74,3.320751706372011,7.631073991801786,0.0080612,18.86278383254882,0.1867261407714342,-33.20268514974539,0.02802118005788559,32.53534891764891,-0.2154453819018272,77.5756256602268,0.2179254612269642,1.0103041172259097,0
75,-0.5627906672527959,1.9011555178116732,0.0080612,7.949437499367163,0.1867261407714342,22.276335342867704,0.02802118005788559,53.30324353705386,-0.2154453819018272,-19.757188165022583,0.2179254612269642,1.0103041172259097,0
76,-0.42634406356888155,1.6013198993343498,0.0080612,36.394423063116,0.1867261407714342,25.662041777400525,0.02802118005788559,54.79478852134491,-0.2154453819018272,3.8432246545265514,0.2179254612269642,1.0103041172259097,0
77,-1.2728705099120434,3.9400446765288084,0.0080612,36.95265369457965,0.1867261407714342,98.65923970087204,0.02802118005788559,24.52543925255752,-0.2154453819018272,-74.00129556301582,0.2179254612269642,1.0103041172259097,0
78,1.7959683908633015,1.765305857002701,0.0080612,57.5878069624222,0.1867261407714342,53.19712041904491,0.02802118005788559,-56.07023085042482,-0.2154453819018272,2.561805075157032,0.2179254612269642,1.0103041172259097,0
79,-0.17157346098740955,0.6896991076888046,0.0080612,43.0516499432415,0.1867261407714342,86.36232610040881,0.02802118005788559,-61.7962755549903,-0.2154453819018272,-61.405252131715194,0.2179254612269642,1.0103041172259097,0
80,-0.7469175716059799,3.364151578308449,0.0080612,5.205099107480983,0.1867261407714342,-9.88392411991208,0.02802118005788559,64.54005156060266,-0.2154453819018272,29.441521174030854,0.2179254612269642,1.0103041172259097,1
81,0.2573452996003973,0.15448076061886476,0.0080612,37.02744484119195,0.1867261407714342,27.644049855441494,0.02802118005788559,24.24997134094913,-0.2154453819018272,18.005598097444103,0.2179254612269642,1.0103041172259097,0
82,-0.2593026179796565,1.9559708018331716,0.0080612,13.475438793965083,0.1867261407714342,-16.973946962290555,0.02802118005788559,80.5363892075426,-0.2154453819018272,36.116057814299765,0.2179254612269642,1.0103041172259097,1
83,-0.2236068615605471,2.9460339957164017,0.0080612,4.572406561190135,0.1867261407714342,27.983678646549386,0.02802118005788559,53.51602015325263,-0.2154453819018272,-25.926376738279348,0.2179254612269642,1.0103041172259097,0
84,-1.1758545821400226,3.9283752043331717,0.0080612,4.037032012659208,0.1867261407714342,43.32686976256308,0.02802118005788559,46.53390288423745,-0.2154453819018272,-35.110076886446635,0.2179254612269642,1.0103041172259097,0
85,0.608004759097402,1.57416870103584,0.0080612,35.86280428524915,0.1867261407714342,67.25929565219619,0.02802118005788559,-44.65832641685999,-0.2154453819018272,-41.07345964280967,0.2179254612269642,1.0103041172259097,0
86,1.848866374128344,2.9593147510493854,0.0080612,5.380113584982901,0.1867261407714342,-24.692378380801046,0.02802118005788559,-12.162589623928232,-0.2154453819018272,51.15765541535821,0.2179254612269642,1.0103041172259097,1
87,-0.9167569177340731,1.9755792735518671,0.0080612,32.635036430582744,0.1867261407714342,82.75593096175645,0.02802118005788559,-22.069362324764327,-0.2154453819018272,-62.8762606489575,0.2179254612269642,1.0103041172259097,0
88,0.014038216740030585,0.9647735612172051,0.0080612,44.401908779126735,0.1867261407714342,87.37064791622477,0.02802118005788559,-38.15812829541283,-0.2154453819018272,-47.46573181966735,0.2179254612269642,1.0103041172259097,0
89,-0.8141518045658575,2.0763929090777995,0.0080612,8.36626250926524,0.1867261407714342,4.013456382736152,0.02802118005788559,87.01777275588614,-0.2154453819018272,0.507533329099914,0.2179254612269642,1.0103041172259097,0
90,0.2979635997454848,0.6240971618143644,0.0080612,12.480376384954202,0.1867261407714342,2.154042160633674,0.02802118005788559,45.69900716540375,-0.2154453819018272,16.209679723016677,0.2179254612269642,1.0103041172259097,0
91,-0.9496334203488306,4.015428397333666,0.0080612,13.168140477945427,0.1867261407714342,48.67721280371636,0.02802118005788559,52.37306798069863,-0.2154453819018272,-53.47520069507755,0.2179254612269642,1.0103041172259097,0
92,-0.11483180978090016,1.268947306741696,0.0080612,2.1631936868128645,0.1867261407714342,24.423486295378222,0.02802118005788559,17.82914706468187,-0.2154453819018272,-22.841933377575184,0.2179254612269642,1.0103041172259097,0
93,0.9322596760999293,0.45406185740037774,0.0080612,13.95177024015058,0.1867261407714342,-29.69820399608021,0.02802118005788559,67.81692787771928,-0.2154453819018272,61.385758902202895,0.2179254612269642,1.0103041172259097,0
94,0.09261089410663681,0.6148805983095721,0.0080612,28.675814990258473,0.1867261407714342,63.91225110765096,0.02802118005788559,-38.80028055346451,-0.2154453819018272,-44.49064844469901,0.2179254612269642,1.0103041172259097,0
95,0.17814560949187364,1.9732902461768131,0.0080612,47.69428864872233,0.1867261407714342,65.91988576381692,0.02802118005788559,-21.58147242075836,-0.2154453819018272,-14.605324341417798,0.2179254612269642,1.0103041172259097,0
96,2.3404467214810865,2.239289463712577,0.0080612,5.993742655785407,0.1867261407714342,-33.99772202738305,0.02802118005788559,1.03687125018714,-0.2154453819018272,60.62203143413028,0.2179254612269642,1.0103041172259097,1
97,-2.217343982045528,4.692119148829484,0.0080612,0.4397779492267364,0.1867261407714342,43.38717404102738,0.02802118005788559,89.07427537693013,-0.2154453819018272,-51.77260783271985,0.2179254612269642,1.0103041172259097,0
98,-0.03436361516961317,0.24028173253676208,0.0080612,18.855106647420634,0.1867261407714342,-12.708094153946712,0.02802118005788559,69.21597359486586,-0.2154453819018272,37.05456433656607,0.2179254612269642,1.0103041172259097,0
99,0.10344346620676315,0.25006699135555777,0.0080612,12.402579554754192,0.1867261407714342,-2.7365099086036344,0.02802118005788559,40.87394299114193,-0.2154453819018272,27.91530043004809,0.2179254612269642,1.0103041172259097,0
