,V,fitness,V_O,s,tau,AF3,AF3_O,AH3,AH3_O,A3N3,A3N3_O,AF5,AF5_O,AD5,AD5_O,lambda1,lambda1_O,lambda2,lambda2_O,taquiónico,taquiónico_O
0,-1.0429889089391686e-05,0.005640881700350719,0.0024349,3.2013800316438306,5.716629895423952,66.64147647327576,0.7103673021771485,13.281305256720566,0.4137368759385406,-38.622809357918015,-3.0347852818228502,-83.46849667874605,-1.4978824591550643,-7.56805420282768,1.6502901289783969,-0.025656788695347484,-0.00063818,0.02968671999589249,0.0011106,1,1.0
1,0.0020403880652499623,0.011650622186151658,0.0024349,3.2013800316438306,5.716629895423952,-28.371206204576694,0.7103673021771485,-4.293425815698118,0.4137368759385406,-51.44253181027615,-3.0347852818228502,60.63773071011359,-1.4978824591550643,47.76165891534504,1.6502901289783969,-0.03450664559459742,-0.00063818,0.03092312491339936,0.0011106,1,1.0
2,0.16316677248945433,0.004483560320235336,0.0024349,3.2013800316438306,5.716629895423952,-97.09220922923397,0.7103673021771485,8.343461992095323,0.4137368759385406,-34.55039435184064,-3.0347852818228502,-62.76272338282604,-1.4978824591550643,59.58996736241567,1.6502901289783969,-0.01968882161810089,-0.00063818,0.022339691272077012,0.0011106,1,1.0
3,0.06622680612090323,0.0032790962272472336,0.0024349,3.2013800316438306,5.716629895423952,-2.257999542624262,0.7103673021771485,3.852517994358715,0.4137368759385406,-0.020821624386476084,-3.0347852818228502,-70.48745070498035,-1.4978824591550643,9.79981516390367,1.6502901289783969,-0.004051512909894479,-0.00063818,0.009634644485099798,0.0011106,1,1.0
4,0.1506378119967352,0.008872245753401838,0.0024349,3.2013800316438306,5.716629895423952,-81.00555603216985,0.7103673021771485,-6.655161814201623,0.4137368759385406,-7.063162482873928,-3.0347852818228502,-71.04612829501846,-1.4978824591550643,70.52508255388656,1.6502901289783969,-0.0331092096810323,-0.00063818,0.03245477571056801,0.0011106,1,1.0
5,-0.00012570284673839305,0.018626129802500873,0.0024349,3.2013800316438306,5.716629895423952,87.79329451672713,0.7103673021771485,1.3070616765100718,0.4137368759385406,-43.73831477311734,-3.0347852818228502,10.068845151981181,-1.4978824591550643,7.741964710578708,1.6502901289783969,-0.015395922963194855,-0.00063818,0.04484863256130594,0.0011106,1,1.0
6,0.015035570774356438,0.0017448946981789384,0.0024349,3.2013800316438306,5.716629895423952,-20.37252785462107,0.7103673021771485,9.729233284895932,0.4137368759385406,-99.99617450349133,-3.0347852818228502,52.134334807007626,-1.4978824591550643,51.56209946739523,1.6502901289783969,-0.02066213462227752,-0.00063818,0.021797004748185494,0.0011106,1,1.0
7,0.15252244153115413,0.006709473271661106,0.0024349,3.2013800316438306,5.716629895423952,-69.31745423732265,0.7103673021771485,3.675744016733921,0.4137368759385406,-80.95809062660311,-3.0347852818228502,-49.210290984520356,-1.4978824591550643,95.74650901863278,1.6502901289783969,-0.028794356769987865,-0.00063818,0.032911424022263436,0.0011106,1,1.0
8,0.05111995042747847,0.008163630304724978,0.0024349,3.2013800316438306,5.716629895423952,-90.89092293434672,0.7103673021771485,4.675303952787964,0.4137368759385406,-21.15312181005236,-3.0347852818228502,88.17901702871227,-1.4978824591550643,21.478855618699733,1.6502901289783969,-0.032032554388240084,-0.00063818,0.03732347590689923,0.0011106,1,1.0
9,0.0591496131921756,0.004366646401627417,0.0024349,3.2013800316438306,5.716629895423952,-22.01268417916043,0.7103673021771485,9.113954638387797,0.4137368759385406,-94.57532927421616,-3.0347852818228502,-17.824636395413876,-1.4978824591550643,64.68823262903034,1.6502901289783969,-0.028382181120329957,-0.00063818,0.026678086298807118,0.0011106,1,1.0
10,0.040613656354384964,0.0028732904523350654,0.0024349,3.2013800316438306,5.716629895423952,-81.40989011064875,0.7103673021771485,-8.2594356056183,0.4137368759385406,-4.317341021899946,-3.0347852818228502,81.08139333458871,-1.4978824591550643,37.11203395266191,1.6502901289783969,-0.02032654004129148,-0.00063818,0.020288546526845315,0.0011106,1,1.0
11,0.020742537744611184,0.005052337341211348,0.0024349,3.2013800316438306,5.716629895423952,-33.752485651614776,0.7103673021771485,10.014910969057688,0.4137368759385406,-43.566997378682885,-3.0347852818228502,26.696686903759087,-1.4978824591550643,15.904946048553501,1.6502901289783969,-0.029855938348522692,-0.00063818,0.02959028355102609,0.0011106,1,1.0
12,-2.049586649605084e-05,0.0018145086415468012,0.0024349,3.2013800316438306,5.716629895423952,61.183578137091864,0.7103673021771485,9.809112600686822,0.4137368759385406,-33.087540790502835,-3.0347852818228502,-87.44675889021671,-1.4978824591550643,-1.5967346388454642,1.6502901289783969,-0.022155838456946964,-0.00063818,0.022367274952074072,0.0011106,1,1.0
13,0.023153349200120493,0.0033062025449762714,0.0024349,3.2013800316438306,5.716629895423952,-6.793674080400649,0.7103673021771485,12.865858533948956,0.4137368759385406,-86.40489714799591,-3.0347852818228502,11.349642945890565,-1.4978824591550643,37.17645600140757,1.6502901289783969,-0.02472216293193663,-0.00063818,0.02662306618689929,0.0011106,1,1.0
14,0.0007807392892830167,0.01230620058364212,0.0024349,3.2013800316438306,5.716629895423952,91.37991613749476,0.7103673021771485,18.729441553485948,0.4137368759385406,-64.07034214787193,-3.0347852818228502,-85.47425867151554,-1.4978824591550643,-6.986431586251769,1.6502901289783969,-0.03109761809242438,-0.00063818,0.0429208147753303,0.0011106,1,1.0
15,0.01765774701390687,0.009247059256196068,0.0024349,3.2013800316438306,5.716629895423952,9.477295333781967,0.7103673021771485,-2.4894329536943216,0.4137368759385406,-12.444505566339494,-3.0347852818228502,36.33314382539065,-1.4978824591550643,10.77373075701766,1.6502901289783969,-0.0069352401280241005,-0.00063818,0.02281517708422161,0.0011106,1,1.0
16,0.11192991331324946,0.002243419941879828,0.0024349,3.2013800316438306,5.716629895423952,-98.6491082377574,0.7103673021771485,2.6259207271090883,0.4137368759385406,-80.1918347649785,-3.0347852818228502,31.937125819950005,-1.4978824591550643,88.24695298525535,1.6502901289783969,-0.016809266874392194,-0.00063818,0.016460040186923618,0.0011106,1,1.0
17,0.04046951166039521,0.00442667553117843,0.0024349,3.2013800316438306,5.716629895423952,-57.06470264550127,0.7103673021771485,3.5062842435176105,0.4137368759385406,-90.9385564823342,-3.0347852818228502,66.32912173969979,-1.4978824591550643,69.96693234708704,1.6502901289783969,-0.02161418420245856,-0.00063818,0.019911477214632156,0.0011106,1,1.0
18,0.15756554582583726,0.002506602805103874,0.0024349,3.2013800316438306,5.716629895423952,-90.91622396384692,0.7103673021771485,3.4293179759381176,0.4137368759385406,-34.69973753110216,-3.0347852818228502,-69.03110185754701,-1.4978824591550643,70.06845810583171,1.6502901289783969,-0.007815554522647329,-0.00063818,0.007018951401329113,0.0011106,1,1.0
19,0.058841890735205,0.008418006922590312,0.0024349,3.2013800316438306,5.716629895423952,-30.027061480522207,0.7103673021771485,-6.693348241499724,0.4137368759385406,-18.553663650886648,-3.0347852818228502,-7.4735878228388515,-1.4978824591550643,46.14345015122038,1.6502901289783969,-0.03510334441864014,-0.00063818,0.036528686699870534,0.0011106,1,1.0
20,1.9897727132388646e-05,5.9388414708338804e-05,0.0024349,3.2013800316438306,5.716629895423952,-49.399925646948674,0.7103673021771485,0.38193154537658724,0.4137368759385406,-34.51981533254829,-3.0347852818228502,90.40858785331494,-1.4978824591550643,24.632810430553835,1.6502901289783969,-0.004130443279015932,-0.00063818,0.004113811423481766,0.0011106,1,1.0
21,0.12752615678756585,0.005936544009372248,0.0024349,3.2013800316438306,5.716629895423952,-45.28379600155667,0.7103673021771485,8.916892838000617,0.4137368759385406,-96.23438189394795,-3.0347852818228502,-35.08308008855606,-1.4978824591550643,83.66014106618863,1.6502901289783969,-0.020959115666970805,-0.00063818,0.02924879186536332,0.0011106,1,1.0
22,0.024061565538819954,0.014794965357380573,0.0024349,3.2013800316438306,5.716629895423952,97.39434012987431,0.7103673021771485,5.796644517869526,0.4137368759385406,-32.72958515631426,-3.0347852818228502,-55.538128170838306,-1.4978824591550643,-1.526576307425966,1.6502901289783969,-0.0053785470491079165,-0.00063818,0.03354880172333217,0.0011106,1,1.0
23,0.1251143818797233,0.0020804287659295408,0.0024349,3.2013800316438306,5.716629895423952,-99.97544644909408,0.7103673021771485,0.01355113210197624,0.4137368759385406,-4.174387307906336,-3.0347852818228502,-14.70889728895333,-1.4978824591550643,45.87811497476497,1.6502901289783969,-0.009880800563699286,-0.00063818,0.01120954670664359,0.0011106,1,1.0
24,0.002201278283311136,0.00023035472988074747,0.0024349,3.2013800316438306,5.716629895423952,-11.613996120457855,0.7103673021771485,-1.503803204255222,0.4137368759385406,-6.3852079141897065,-3.0347852818228502,20.45941000415744,-1.4978824591550643,8.725317935209802,1.6502901289783969,-0.005321207553629253,-0.00063818,0.005390128363104301,0.0011106,1,1.0
25,0.1029027715074313,0.0037641819969752616,0.0024349,3.2013800316438306,5.716629895423952,-86.85983991462587,0.7103673021771485,6.877152558508525,0.4137368759385406,-56.49068891618465,-3.0347852818228502,26.84298776259557,-1.4978824591550643,56.974718007975575,1.6502901289783969,-0.012874719668350802,-0.00063818,0.0177661175485641,0.0011106,1,1.0
26,0.07568721138624346,0.001090932356754323,0.0024349,3.2013800316438306,5.716629895423952,-96.92196461010396,0.7103673021771485,2.724787021467728,0.4137368759385406,-51.59438893975431,-3.0347852818228502,61.69704058534799,-1.4978824591550643,57.24316705815647,1.6502901289783969,-0.006638938554428224,-0.00063818,0.006192438274902628,0.0011106,1,1.0
27,0.06162261562164125,0.001484868736669241,0.0024349,3.2013800316438306,5.716629895423952,-58.59974577355911,0.7103673021771485,-0.7175001738411968,0.4137368759385406,-39.06887837161505,-3.0347852818228502,24.848637599125695,-1.4978824591550643,50.01594920042976,1.6502901289783969,-0.012714293040166913,-0.00063818,0.012519021532164522,0.0011106,1,1.0
28,0.0031164415315788896,0.013276530941412375,0.0024349,3.2013800316438306,5.716629895423952,72.24398692866771,0.7103673021771485,5.740377699377813,0.4137368759385406,-85.05772357609557,-3.0347852818228502,-13.881177936923365,-1.4978824591550643,35.26511625057353,1.6502901289783969,-0.032951586328341054,-0.00063818,0.04785961583653717,0.0011106,1,1.0
29,0.19248437341808636,0.010414270344142636,0.0024349,3.2013800316438306,5.716629895423952,-67.65334449951749,0.7103673021771485,6.943315082417342,0.4137368759385406,-81.19750029912956,-3.0347852818228502,-68.62223662014887,-1.4978824591550643,95.83645521974472,1.6502901289783969,-0.015009241317779361,-0.00063818,0.029876774368662307,0.0011106,1,1.0
30,0.08845583106760277,0.0012064595030283475,0.0024349,3.2013800316438306,5.716629895423952,-83.20801514598148,0.7103673021771485,7.4105173436495235,0.4137368759385406,-71.51461108746551,-3.0347852818228502,27.55568229528518,-1.4978824591550643,63.97325278694082,1.6502901289783969,-0.014170027373883488,-0.00063818,0.013796331283816986,0.0011106,1,1.0
31,0.10644521967934578,0.013895303846618365,0.0024349,3.2013800316438306,5.716629895423952,-99.99707004711583,0.7103673021771485,-8.563246836619072,0.4137368759385406,-19.828554817360782,-3.0347852818228502,88.00351918054352,-1.4978824591550643,62.08973582135017,1.6502901289783969,-0.020551772807412085,-0.00063818,0.03551541792998171,0.0011106,1,1.0
32,0.10309203048222743,0.019121425293871817,0.0024349,3.2013800316438306,5.716629895423952,-75.20495583854562,0.7103673021771485,-12.358644207347803,0.4137368759385406,-8.283694861871808,-3.0347852818228502,-10.846987622133298,-1.4978824591550643,69.21898532767662,1.6502901289783969,-0.050684427454549284,-0.00063818,0.0485080807155173,0.0011106,1,1.0
33,-0.0004691249538255997,0.003621603343671483,0.0024349,3.2013800316438306,5.716629895423952,27.220924775375572,0.7103673021771485,-1.1961330371729084,0.4137368759385406,-5.332616537359878,-3.0347852818228502,-21.39074833637422,-1.4978824591550643,3.227756376316563,1.6502901289783969,-0.013703408214672008,-0.00063818,0.01690326247191829,0.0011106,1,1.0
34,-4.245610157438406e-06,0.005304012070307156,0.0024349,3.2013800316438306,5.716629895423952,62.83092751076921,0.7103673021771485,15.36334791101987,0.4137368759385406,-63.21558461162242,-3.0347852818228502,-75.07332356161939,-1.4978824591550643,5.640323164337512,1.6502901289783969,-0.031075632539049866,-0.00063818,0.0333068433872795,0.0011106,1,1.0
35,0.1031233545291876,0.007259586747359888,0.0024349,3.2013800316438306,5.716629895423952,-34.08324047537385,0.7103673021771485,-1.2254654917736998,0.4137368759385406,-14.274990546519923,-3.0347852818228502,-37.957041327891986,-1.4978824591550643,40.97136705161834,1.6502901289783969,-0.009854922290197526,-0.00063818,0.02020140476904432,0.0011106,1,1.0
36,0.05567001129979332,0.0052869733780281005,0.0024349,3.2013800316438306,5.716629895423952,33.921207125527076,0.7103673021771485,7.079065621167523,0.4137368759385406,-49.886457969302,-3.0347852818228502,-77.34536162908113,-1.4978824591550643,30.3511135087969,1.6502901289783969,-0.019266293153354885,-0.00063818,0.027343979361913007,0.0011106,1,1.0
37,0.13050982499087704,0.003494482596600267,0.0024349,3.2013800316438306,5.716629895423952,-94.14132265243178,0.7103673021771485,-4.274598413701486,0.4137368759385406,-11.777688558784885,-3.0347852818228502,-20.68032855753657,-1.4978824591550643,62.0134046363918,1.6502901289783969,-0.016149476913267367,-0.00063818,0.01696226243786126,0.0011106,1,1.0
38,0.07047541337466537,0.0076522501744705216,0.0024349,3.2013800316438306,5.716629895423952,-0.9869957023717848,0.7103673021771485,-1.6314402261476233,0.4137368759385406,-34.30734451109942,-3.0347852818228502,-61.58706329311217,-1.4978824591550643,47.72754611140213,1.6502901289783969,-0.034987942798151934,-0.00063818,0.037458983984521334,0.0011106,1,1.0
39,0.06404189798285671,0.014575062806135075,0.0024349,3.2013800316438306,5.716629895423952,-2.5608734104649504,0.7103673021771485,5.146306616506056,0.4137368759385406,-26.11621330807612,-3.0347852818228502,29.689062631305948,-1.4978824591550643,12.880134999091513,1.6502901289783969,0.0018383745282301751,-0.00063818,0.025227116956130263,0.0011106,0,1.0
40,-0.002243717517064356,0.008471758560480571,0.0024349,3.2013800316438306,5.716629895423952,64.57049655398862,0.7103673021771485,6.08913162897495,0.4137368759385406,-42.90353990973774,-3.0347852818228502,-82.21736671934757,-1.4978824591550643,12.873909609998154,1.6502901289783969,-0.02965195264744201,-0.00063818,0.02863161620657943,0.0011106,1,1.0
41,0.03157354819055286,0.0048886766679250085,0.0024349,3.2013800316438306,5.716629895423952,50.39415735147056,0.7103673021771485,6.5716013111022065,0.4137368759385406,-11.531981637583698,-3.0347852818228502,-86.00597264830424,-1.4978824591550643,-3.2209993191760447,1.6502901289783969,-0.0075632130831329025,-0.00063818,0.016490977458206837,0.0011106,1,1.0
42,0.0028341487434859064,0.003008947246907991,0.0024349,3.2013800316438306,5.716629895423952,64.12789882572743,0.7103673021771485,4.952832409335933,0.4137368759385406,-37.32225483948841,-3.0347852818228502,-86.47947118887438,-1.4978824591550643,12.790765573379327,1.6502901289783969,-0.02959808145151068,-0.00063818,0.02933658814825304,0.0011106,1,1.0
43,0.00021402740482856508,0.003253908381408848,0.0024349,3.2013800316438306,5.716629895423952,40.161699734004074,0.7103673021771485,6.246635700419916,0.4137368759385406,-69.98661095761204,-3.0347852818228502,-31.444916401058602,-1.4978824591550643,32.16678543114305,1.6502901289783969,-0.031383996599971965,-0.00063818,0.03131454739778814,0.0011106,1,1.0
44,0.022149602462670892,0.0035866179287680064,0.0024349,3.2013800316438306,5.716629895423952,-9.385101657012626,0.7103673021771485,1.2180232270133402,0.4137368759385406,-19.3055991883014,-3.0347852818228502,-14.403952163326366,-1.4978824591550643,18.705071688080064,1.6502901289783969,-0.009099005504647255,-0.00063818,0.007353555794667458,0.0011106,1,1.0
45,-0.0008236566179816163,0.004765593202006603,0.0024349,3.2013800316438306,5.716629895423952,-10.360691605545265,0.7103673021771485,12.52745275806322,0.4137368759385406,-84.60656285360287,-3.0347852818228502,41.43114842711965,-1.4978824591550643,30.185310497950667,1.6502901289783969,-0.026284189480838296,-0.00063818,0.026425845926129298,0.0011106,1,1.0
46,0.004162273713271672,0.006671801175970029,0.0024349,3.2013800316438306,5.716629895423952,86.21590969345323,0.7103673021771485,5.515085034166084,0.4137368759385406,-49.744201460380765,-3.0347852818228502,-99.99207942930357,-1.4978824591550643,17.530963733405606,1.6502901289783969,-0.03758750366553354,-0.00063818,0.04103262715592132,0.0011106,1,1.0
47,0.04649443624956043,0.003969300768163472,0.0024349,3.2013800316438306,5.716629895423952,-18.103185821815835,0.7103673021771485,0.608052590951214,0.4137368759385406,-6.306787305996195,-3.0347852818228502,-41.23243386506502,-1.4978824591550643,19.392264853495746,1.6502901289783969,-0.006880209986856751,-0.00063818,0.00495085117103959,0.0011106,1,1.0
48,0.004171533636162128,0.006032905449728476,0.0024349,3.2013800316438306,5.716629895423952,-34.252635409060446,0.7103673021771485,4.321337188395771,0.4137368759385406,-33.02829404185175,-3.0347852818228502,44.047839020334166,-1.4978824591550643,17.187480249683368,1.6502901289783969,-0.014542553534055334,-0.00063818,0.011765058674756822,0.0011106,1,1.0
49,0.09112383309250124,0.007869041769580526,0.0024349,3.2013800316438306,5.716629895423952,5.789212685803356,0.7103673021771485,13.623938325992263,0.4137368759385406,-60.6583071733756,-3.0347852818228502,-77.70438053518897,-1.4978824591550643,34.31201427005124,1.6502901289783969,-0.018978654103381336,-0.00063818,0.0300692798398142,0.0011106,1,1.0
50,0.05370563211262898,0.004551940766163461,0.0024349,3.2013800316438306,5.716629895423952,-22.393912866673546,0.7103673021771485,9.918025864747552,0.4137368759385406,-70.95743638476003,-3.0347852818228502,10.378629145439476,-1.4978824591550643,40.72376330057391,1.6502901289783969,-0.013975743183973943,-0.00063818,0.021116118415641264,0.0011106,1,1.0
51,0.12167437747551198,0.01754386058446513,0.0024349,3.2013800316438306,5.716629895423952,-72.42467001038831,0.7103673021771485,7.024947835918926,0.4137368759385406,-60.08635251839166,-3.0347852818228502,-71.3797320590988,-1.4978824591550643,71.41937517284941,1.6502901289783969,-0.02308473401554521,-0.00063818,0.01435027110837574,0.0011106,1,1.0
52,0.1139838930613228,0.005794031557249752,0.0024349,3.2013800316438306,5.716629895423952,-53.5291616259412,0.7103673021771485,4.102126303481617,0.4137368759385406,-46.30327263416222,-3.0347852818228502,-16.356913297450895,-1.4978824591550643,55.41233001562321,1.6502901289783969,-0.0013718419815386676,-0.00063818,0.011598912982406222,0.0011106,1,1.0
53,0.06338304114000817,0.03435824411637794,0.0024349,3.2013800316438306,5.716629895423952,77.52468324012506,0.7103673021771485,7.723577958582055,0.4137368759385406,-17.25442829532551,-3.0347852818228502,49.27640839896884,-1.4978824591550643,-21.302527989241455,1.6502901289783969,0.011094193717959153,-0.00063818,0.05277319999084161,0.0011106,0,1.0
54,0.00100380997677562,0.01319320780019712,0.0024349,3.2013800316438306,5.716629895423952,8.649899199318739,0.7103673021771485,-3.443705469402836,0.4137368759385406,-49.385114173105215,-3.0347852818228502,81.6823511223507,-1.4978824591550643,32.6326663817662,1.6502901289783969,-0.02256534430108384,-0.00063818,0.038347362117688716,0.0011106,1,1.0
55,0.07071158704120038,0.007580464828766013,0.0024349,3.2013800316438306,5.716629895423952,-10.711958159670317,0.7103673021771485,-1.7596799116584947,0.4137368759385406,-35.70596045420939,-3.0347852818228502,-39.802934116965474,-1.4978824591550643,48.53602418568208,1.6502901289783969,-0.030343737259724887,-0.00063818,0.03456978706875152,0.0011106,1,1.0
56,-0.0005443472261075499,0.016602584222073367,0.0024349,3.2013800316438306,5.716629895423952,67.33022495083809,0.7103673021771485,-3.793308594647473,0.4137368759385406,-4.3437778518036385,-3.0347852818228502,2.4294048887965545,-1.4978824591550643,-3.794597337008652,1.6502901289783969,-0.017020265575983164,-0.00063818,0.04005918198940369,0.0011106,1,1.0
57,0.007942697396463666,0.0040690490315118165,0.0024349,3.2013800316438306,5.716629895423952,-17.58562477424467,0.7103673021771485,11.824527862977764,0.4137368759385406,-88.40475182093147,-3.0347852818228502,57.389921353086386,-1.4978824591550643,35.53699599807936,1.6502901289783969,-0.021607213997979234,-0.00063818,0.025262878669594264,0.0011106,1,1.0
58,0.05113849720359355,0.0026927903279351326,0.0024349,3.2013800316438306,5.716629895423952,-95.92295192503617,0.7103673021771485,5.451938545935222,0.4137368759385406,-47.88376859477638,-3.0347852818228502,89.1838801792598,-1.4978824591550643,40.66916601844969,1.6502901289783969,-0.023849921828804122,-0.00063818,0.02413004800412386,0.0011106,1,1.0
59,0.14138163862554567,0.0010560503072884694,0.0024349,3.2013800316438306,5.716629895423952,-90.38153134141508,0.7103673021771485,9.107079651961605,0.4137368759385406,-96.73200237701874,-3.0347852818228502,-20.655072813143786,-1.4978824591550643,94.16706779197938,1.6502901289783969,-0.020277161443581257,-0.00063818,0.02027260881732572,0.0011106,1,1.0
60,0.07876125834275499,0.011684715586590108,0.0024349,3.2013800316438306,5.716629895423952,1.3147945333701614,0.7103673021771485,4.779620606096694,0.4137368759385406,-55.900554191150746,-3.0347852818228502,0.6486723647756634,-1.4978824591550643,41.00082173001668,1.6502901289783969,-0.0021171233036082465,-0.00063818,0.023911356221780054,0.0011106,1,1.0
61,0.016975936583852727,0.007986659073777417,0.0024349,3.2013800316438306,5.716629895423952,6.85456703524892,0.7103673021771485,3.453839889505602,0.4137368759385406,-17.19255068257411,-3.0347852818228502,30.539962448870384,-1.4978824591550643,1.3645874458790814,1.6502901289783969,-0.0009309894116628966,-0.00063818,0.016144979995477066,0.0011106,1,1.0
62,0.0032802814443426975,0.005638249824169389,0.0024349,3.2013800316438306,5.716629895423952,-2.9612844447375366,0.7103673021771485,0.6544459830673661,0.4137368759385406,-37.12739941166845,-3.0347852818228502,61.05096001065482,-1.4978824591550643,19.374918960906008,1.6502901289783969,-0.0025467603759860733,-0.00063818,0.01313830609717329,0.0011106,1,1.0
63,0.027687076368236002,0.0018531062952454188,0.0024349,3.2013800316438306,5.716629895423952,-67.98741019545304,0.7103673021771485,-4.253741189754887,0.4137368759385406,-34.67008203128035,-3.0347852818228502,88.5939411278029,-1.4978824591550643,44.301473019292544,1.6502901289783969,-0.015010297356927601,-0.00063818,0.014976288254432837,0.0011106,1,1.0
64,0.1701007056052647,0.007548001382786999,0.0024349,3.2013800316438306,5.716629895423952,-70.34823611438676,0.7103673021771485,9.976739165264629,0.4137368759385406,-75.52653004338599,-3.0347852818228502,-52.682475503670645,-1.4978824591550643,79.73943360123886,1.6502901289783969,-0.008859638163632708,-0.00063818,0.021307098978150626,0.0011106,1,1.0
65,0.035311688413861286,0.014615753720995588,0.0024349,3.2013800316438306,5.716629895423952,-37.831108218006726,0.7103673021771485,11.908694767245713,0.4137368759385406,-5.911532812553198,-3.0347852818228502,-10.48595461483064,-1.4978824591550643,-8.953452354012114,1.6502901289783969,-0.051148755023047984,-0.00063818,0.05105028246642983,0.0011106,1,1.0
66,0.0154860080157318,0.005983990216838944,0.0024349,3.2013800316438306,5.716629895423952,-1.4268589938479508,0.7103673021771485,10.722580529776831,0.4137368759385406,-36.278474914103064,-3.0347852818228502,-22.747672597026465,-1.4978824591550643,6.936661451176238,1.6502901289783969,-0.028037713426527253,-0.00063818,0.026740934332057823,0.0011106,1,1.0
67,0.13255323637979752,0.008880688309677533,0.0024349,3.2013800316438306,5.716629895423952,-99.99728732459883,0.7103673021771485,-1.203636703494578,0.4137368759385406,-64.70829299265361,-3.0347852818228502,44.550909585900776,-1.4978824591550643,87.38169733366932,1.6502901289783969,-0.01546419346819584,-0.00063818,0.025301834149061505,0.0011106,1,1.0
68,0.08936859763480942,0.001732077311226464,0.0024349,3.2013800316438306,5.716629895423952,-71.94551168412347,0.7103673021771485,4.483366481099662,0.4137368759385406,-18.441497886814595,-3.0347852818228502,-13.037763090093687,-1.4978824591550643,34.07803575658737,1.6502901289783969,-0.016664501672500057,-0.00063818,0.016613623909744,0.0011106,1,1.0
69,0.06538299541643855,0.007895995763839304,0.0024349,3.2013800316438306,5.716629895423952,34.02727465106882,0.7103673021771485,4.676105183427137,0.4137368759385406,-66.9390495179138,-3.0347852818228502,-99.99618308042871,-1.4978824591550643,53.16729470530366,1.6502901289783969,-0.04274837824554055,-0.00063818,0.04494788329098831,0.0011106,1,1.0
70,0.06578023556910145,0.016935675756960436,0.0024349,3.2013800316438306,5.716629895423952,-30.765955533595786,0.7103673021771485,-8.604893273182174,0.4137368759385406,-6.900940233527876,-3.0347852818228502,51.793596241850494,-1.4978824591550643,35.387098538788244,1.6502901289783969,-0.023379763782368283,-0.00063818,0.04271812795766604,0.0011106,1,1.0
71,0.04855385510350723,0.002158639202106036,0.0024349,3.2013800316438306,5.716629895423952,-46.28192346184086,0.7103673021771485,-1.6760248503801551,0.4137368759385406,-5.6709849831123975,-3.0347852818228502,22.344104562978966,-1.4978824591550643,22.94078754593125,1.6502901289783969,-0.004068421884972992,-0.00063818,0.007607068876768052,0.0011106,1,1.0
72,6.934683412049281e-06,0.0004321719858984142,0.0024349,3.2013800316438306,5.716629895423952,-21.71419909069604,0.7103673021771485,1.7175694170174385,0.4137368759385406,-42.06367570752976,-3.0347852818228502,53.848914590556845,-1.4978824591550643,25.390738615638373,1.6502901289783969,-0.005934482352209872,-0.00063818,0.006423974351240971,0.0011106,1,1.0
73,0.1393768102510215,0.00506971219647028,0.0024349,3.2013800316438306,5.716629895423952,-46.9881707494127,0.7103673021771485,3.284287391951179,0.4137368759385406,-33.01088969275437,-3.0347852818228502,-77.10244858439493,-1.4978824591550643,57.397398689861866,1.6502901289783969,-0.008821911709651431,-0.00063818,0.016210448706800835,0.0011106,1,1.0
74,0.050241442640865386,0.008899518127135112,0.0024349,3.2013800316438306,5.716629895423952,53.71844346522223,0.7103673021771485,6.852726779295464,0.4137368759385406,-49.991558927315495,-3.0347852818228502,-71.45062708792028,-1.4978824591550643,24.81371275135108,1.6502901289783969,-0.016800125043982792,-0.00063818,0.03173572085873924,0.0011106,1,1.0
75,0.021287825576834743,0.0004513230278137099,0.0024349,3.2013800316438306,5.716629895423952,-25.5026078437436,0.7103673021771485,4.680855707526441,0.4137368759385406,-53.36932551517403,-3.0347852818228502,29.294044807571435,-1.4978824591550643,33.82708162683557,1.6502901289783969,-0.010197684002680792,-0.00063818,0.010051681475761107,0.0011106,1,1.0
76,0.11480293117239704,0.003064693565717122,0.0024349,3.2013800316438306,5.716629895423952,-93.73937382881192,0.7103673021771485,9.038258291125553,0.4137368759385406,-83.04225215298453,-3.0347852818228502,28.577952525819256,-1.4978824591550643,74.71159332592546,1.6502901289783969,-0.013915661641613983,-0.00063818,0.017996830456465374,0.0011106,1,1.0
77,0.08449285065329724,0.00171303823929457,0.0024349,3.2013800316438306,5.716629895423952,-95.35674916235385,0.7103673021771485,-0.6916788288070426,0.4137368759385406,-16.410549335851144,-3.0347852818228502,33.551547183992824,-1.4978824591550643,43.648195638341264,1.6502901289783969,-0.008766927705526003,-0.00063818,0.008167725136989074,0.0011106,1,1.0
78,0.08099052613294822,0.006258891331116059,0.0024349,3.2013800316438306,5.716629895423952,-0.6834255510789243,0.7103673021771485,18.983347051020335,0.4137368759385406,-84.48956567975755,-3.0347852818228502,-94.78218310131265,-1.4978824591550643,41.638167492029325,1.6502901289783969,-0.039593684247969455,-0.00063818,0.03956023602491589,0.0011106,1,1.0
79,0.10053922268316678,0.004952298111219604,0.0024349,3.2013800316438306,5.716629895423952,-13.491273691856623,0.7103673021771485,2.411679281252134,0.4137368759385406,-47.49496763808837,-3.0347852818228502,-95.06212752753952,-1.4978824591550643,59.41823634797311,1.6502901289783969,-0.032915637237068536,-0.00063818,0.03247619735174057,0.0011106,1,1.0
80,0.10431831053545942,0.006720395582665919,0.0024349,3.2013800316438306,5.716629895423952,-92.58835899569779,0.7103673021771485,-2.3141145107990084,0.4137368759385406,-70.6265005595511,-3.0347852818228502,46.61917648501037,-1.4978824591550643,88.5209452013799,1.6502901289783969,-0.027570468744161632,-0.00063818,0.02971771820823484,0.0011106,1,1.0
81,0.09736325230377713,0.01139156329016013,0.0024349,3.2013800316438306,5.716629895423952,-94.79454132938217,0.7103673021771485,-2.104636612990164,0.4137368759385406,-88.0657508860663,-3.0347852818228502,51.302236272927196,-1.4978824591550643,99.99989655552646,1.6502901289783969,-0.037652566963722364,-0.00063818,0.03544251136078436,0.0011106,1,1.0
82,-1.7575125961316607e-05,0.005937048323223284,0.0024349,3.2013800316438306,5.716629895423952,10.945778787739615,0.7103673021771485,8.570168472034709,0.4137368759385406,-92.12231386816534,-3.0347852818228502,59.776079707004904,-1.4978824591550643,38.0209207949384,1.6502901289783969,-0.013519699038896063,-0.00063818,0.023641947995812,0.0011106,1,1.0
83,0.1407373477391951,0.0054400405099417765,0.0024349,3.2013800316438306,5.716629895423952,-96.43528686209262,0.7103673021771485,2.4046167518623283,0.4137368759385406,-79.07024499707335,-3.0347852818228502,-14.117367342502426,-1.4978824591550643,97.47649507354517,1.6502901289783969,-0.02552074509838754,-0.00063818,0.024181042360882934,0.0011106,1,1.0
84,0.03997786372668066,0.014151716332187259,0.0024349,3.2013800316438306,5.716629895423952,-22.42914463902575,0.7103673021771485,18.150254595505178,0.4137368759385406,-90.36778572865065,-3.0347852818228502,35.54696783168973,-1.4978824591550643,30.321551254048572,1.6502901289783969,-0.03756988561957692,-0.00063818,0.047381678252309344,0.0011106,1,1.0
85,0.11684246023033797,0.002518000414815899,0.0024349,3.2013800316438306,5.716629895423952,-78.16669270478131,0.7103673021771485,-1.3820739341731958,0.4137368759385406,-3.848760146003141,-3.0347852818228502,-41.36147883269126,-1.4978824591550643,46.21257873469846,1.6502901289783969,-0.005503462053975189,-0.00063818,0.004738542526427555,0.0011106,1,1.0
86,0.03554020104861026,0.005628449833067749,0.0024349,3.2013800316438306,5.716629895423952,20.27501747838468,0.7103673021771485,6.2426769818029895,0.4137368759385406,-87.67907566905929,-3.0347852818228502,-33.64054579008948,-1.4978824591550643,55.29100464498052,1.6502901289783969,-0.037102655707878775,-0.00063818,0.03866762893091847,0.0011106,1,1.0
87,0.06866240753394477,0.010450603061772906,0.0024349,3.2013800316438306,5.716629895423952,-70.20603355181606,0.7103673021771485,10.477703030454675,0.4137368759385406,-31.743601663523982,-3.0347852818228502,23.30340466406099,-1.4978824591550643,21.61309917873116,1.6502901289783969,-0.03860540391829781,-0.00063818,0.04219116471044668,0.0011106,1,1.0
88,0.1929758547504876,0.014250596729146855,0.0024349,3.2013800316438306,5.716629895423952,-97.13455405638759,0.7103673021771485,-5.6197295836687555,0.4137368759385406,-26.598150477693096,-3.0347852818228502,-61.50737969929857,-1.4978824591550643,91.10385660703705,1.6502901289783969,-0.031778716957917126,-0.00063818,0.039727584500314224,0.0011106,1,1.0
89,0.12275917569016433,0.0012700618496341146,0.0024349,3.2013800316438306,5.716629895423952,-52.48373514511856,0.7103673021771485,5.239810177984424,0.4137368759385406,-55.33115274981936,-3.0347852818228502,-67.19720810541742,-1.4978824591550643,67.08040442381501,1.6502901289783969,-0.018413308510423557,-0.00063818,0.018357673881425746,0.0011106,1,1.0
90,0.06071165505309099,0.0037787697944846885,0.0024349,3.2013800316438306,5.716629895423952,15.82683747523852,0.7103673021771485,8.694081969896573,0.4137368759385406,-84.88349886573114,-3.0347852818228502,-69.31220431296407,-1.4978824591550643,56.5545596850919,1.6502901289783969,-0.034644878339585024,-0.00063818,0.03558736156331991,0.0011106,1,1.0
91,0.11140989393776472,0.005462790042854451,0.0024349,3.2013800316438306,5.716629895423952,-39.5034241741733,0.7103673021771485,11.277037821153302,0.4137368759385406,-52.6009759733663,-3.0347852818228502,-91.99959375651252,-1.4978824591550643,49.199692512333584,1.6502901289783969,-0.024343758342389728,-0.00063818,0.02203078130866607,0.0011106,1,1.0
92,0.09708535689963488,0.0026162501817333624,0.0024349,3.2013800316438306,5.716629895423952,-49.59977107371691,0.7103673021771485,10.519189940177025,0.4137368759385406,-97.81219730484118,-3.0347852818228502,-9.713991993313854,-1.4978824591550643,74.43441552322933,1.6502901289783969,-0.02058558688556223,-0.00063818,0.023837873571910452,0.0011106,1,1.0
93,-0.0033836363703722075,0.021461316289622254,0.0024349,3.2013800316438306,5.716629895423952,75.16470331926284,0.7103673021771485,2.8770040301677393,0.4137368759385406,-21.197729862615194,-3.0347852818228502,18.310588277052293,-1.4978824591550643,-11.469544929983138,1.6502901289783969,0.006971769729267108,-0.00063818,0.022663304599560643,0.0011106,0,1.0
94,0.07650355070177117,0.02018529519312441,0.0024349,3.2013800316438306,5.716629895423952,20.114106597511565,0.7103673021771485,15.723830977923662,0.4137368759385406,-45.639780832503625,-3.0347852818228502,-34.17875605842882,-1.4978824591550643,6.952067418295172,1.6502901289783969,-0.022595086412901227,-0.00063818,0.04810926716346334,0.0011106,1,1.0
95,-5.503328463080104e-07,0.018947016408557275,0.0024349,3.2013800316438306,5.716629895423952,82.99420219663094,0.7103673021771485,4.5971487696195785,0.4137368759385406,-6.832383822580509,-3.0347852818228502,23.534249868678625,-1.4978824591550643,-28.381706569794645,1.6502901289783969,0.011101048634202573,-0.00063818,0.026706275273609192,0.0011106,0,1.0
96,5.668821883575426e-07,0.00465164763019578,0.0024349,3.2013800316438306,5.716629895423952,12.345923360001798,0.7103673021771485,8.584540717472544,0.4137368759385406,-97.39564218229607,-3.0347852818228502,44.829188730605054,-1.4978824591550643,43.56460615225665,1.6502901289783969,-0.02072030732189668,-0.00063818,0.02683824598731271,0.0011106,1,1.0
97,0.026840306738183488,0.0007610576073609264,0.0024349,3.2013800316438306,5.716629895423952,35.72701726504076,0.7103673021771485,4.83824947648162,0.4137368759385406,-16.43576936735706,-3.0347852818228502,-88.25967036836757,-1.4978824591550643,7.663138978511754,1.6502901289783969,-0.015826300743079467,-0.00063818,0.01566851451797567,0.0011106,1,1.0
98,-0.0004589476752004662,0.006671605006809857,0.0024349,3.2013800316438306,5.716629895423952,56.32890401997547,0.7103673021771485,9.851104613198537,0.4137368759385406,-54.61179098452537,-3.0347852818228502,-31.682874226259877,-1.4978824591550643,8.183806408830286,1.6502901289783969,-0.01505061224918093,-0.00063818,0.02446128321160198,0.0011106,1,1.0
99,0.04127581294876943,0.004048684728769063,0.0024349,3.2013800316438306,5.716629895423952,21.737198631270704,0.7103673021771485,5.55009957434766,0.4137368759385406,-62.2474525470433,-3.0347852818228502,-65.00952289809652,-1.4978824591550643,42.48518603040916,1.6502901289783969,-0.03198487603426405,-0.00063818,0.03134904648022221,0.0011106,1,1.0
