,V,V_O,fitness,AH3,AH3_O,AF3,AF3_O,AF5,AF5_O,A3N3,A3N3_O,s,tau,lambda1,lambda1_O,lambda2,lambda2_O,taquiónico,taquiónico_O
0,136.483200813146095575253234268,0.000396240000000000000000000000000,0.105539910114023,38.03248084009766,0.136293617582431198100000000000,49.13960354617865,0.163298793561839798100000000000,97.90303705114178,-0.380704323526129590500000000000,-82.95453601218966,-0.178381744374279226200000000000,1.09459567703448696180000000000,4.23036303017861858840000000000,-1.99096326891851,-0.000265690000000000000000000000000,1825.30127051744,0.00328940000000000000000000000000,1,1
1,130.400552697558446115227026106,0.000396240000000000000000000000000,0.122390378922290,52.91876947824832,0.136293617582431198100000000000,64.37470323262718,0.163298793561839798100000000000,18.95149585497539,-0.380704323526129590500000000000,-85.37907570529423,-0.178381744374279226200000000000,1.09459567703448696180000000000,4.23036303017861858840000000000,-6.28928877742147,-0.000265690000000000000000000000000,1401.76395334812,0.00328940000000000000000000000000,1,1
2,119.182176445426722618139479514,0.000396240000000000000000000000000,0.117747167107219,41.63649568205619,0.136293617582431198100000000000,49.154430730547006,0.163298793561839798100000000000,37.445571833623575,-0.380704323526129590500000000000,-65.66156276030856,-0.178381744374279226200000000000,1.09459567703448696180000000000,4.23036303017861858840000000000,-3.82529964198116,-0.000265690000000000000000000000000,1372.65558952707,0.00328940000000000000000000000000,1,1
3,18.0414488032776197052140598215,0.000396240000000000000000000000000,0.0828576858551596,-11.27830159712002,0.136293617582431198100000000000,-3.323366551990887,0.163298793561839798100000000000,80.34521141575681,-0.380704323526129590500000000000,-1.2438441575717007,-0.178381744374279226200000000000,1.09459567703448696180000000000,4.23036303017861858840000000000,-1.03443667545389,-0.000265690000000000000000000000000,555.365988042278,0.00328940000000000000000000000000,1,1
4,115.143323716550796347468238626,0.000396240000000000000000000000000,0.136121676369173,55.68711111214836,0.136293617582431198100000000000,73.61949092480182,0.163298793561839798100000000000,-12.724611370089718,-0.380704323526129590500000000000,-90.34639828411764,-0.178381744374279226200000000000,1.09459567703448696180000000000,4.23036303017861858840000000000,-9.04769213580902,-0.000265690000000000000000000000000,1104.56660451740,0.00328940000000000000000000000000,1,1
5,139.880791999277863815742328398,0.000396240000000000000000000000000,0.0863831157298015,43.09121413151831,0.136293617582431198100000000000,54.68390962684239,0.163298793561839798100000000000,90.55582911010575,-0.380704323526129590500000000000,-94.49728717795001,-0.178381744374279226200000000000,1.09459567703448696180000000000,4.23036303017861858840000000000,-2.73433489151368,-0.000265690000000000000000000000000,1826.01145079544,0.00328940000000000000000000000000,1,1
6,155.364600374309085500072984234,0.000396240000000000000000000000000,0.124310362786108,58.281829928868916,0.136293617582431198100000000000,58.686686791498175,0.163298793561839798100000000000,42.54780889894809,-0.380704323526129590500000000000,-95.53949060220611,-0.178381744374279226200000000000,1.09459567703448696180000000000,4.23036303017861858840000000000,-6.32361674105407,-0.000265690000000000000000000000000,1761.46361659446,0.00328940000000000000000000000000,1,1
7,130.684296489362638796075199966,0.000396240000000000000000000000000,0.124529129887180,58.86934726403604,0.136293617582431198100000000000,76.32574469769594,0.163298793561839798100000000000,2.382501818217804,-0.380704323526129590500000000000,-97.86802824903158,-0.178381744374279226200000000000,1.09459567703448696180000000000,4.23036303017861858840000000000,-8.26640049350657,-0.000265690000000000000000000000000,1329.75747830976,0.00328940000000000000000000000000,1,1
8,124.450302679574915414016643567,0.000396240000000000000000000000000,0.106676551730205,42.39059351016908,0.136293617582431198100000000000,48.38532715755716,0.163298793561839798100000000000,47.29357480748081,-0.380704323526129590500000000000,-70.75776239277857,-0.178381744374279226200000000000,1.09459567703448696180000000000,4.23036303017861858840000000000,-3.70438219789276,-0.000265690000000000000000000000000,1471.08754379584,0.00328940000000000000000000000000,1,1
9,113.480214722820617158271137479,0.000396240000000000000000000000000,0.115386148629212,30.542774345935214,0.136293617582431198100000000000,45.105205872115675,0.163298793561839798100000000000,88.45110234435859,-0.380704323526129590500000000000,-71.84951220773978,-0.178381744374279226200000000000,1.09459567703448696180000000000,4.23036303017861858840000000000,-1.30499294844395,-0.000265690000000000000000000000000,1550.18391202656,0.00328940000000000000000000000000,1,1
10,124.936295164172680305379534700,0.000396240000000000000000000000000,0.110053528883220,54.405233452351666,0.136293617582431198100000000000,70.25044555798189,0.163298793561839798100000000000,9.88016347086517,-0.380704323526129590500000000000,-91.9351776874629,-0.178381744374279226200000000000,1.09459567703448696180000000000,4.23036303017861858840000000000,-7.11678588252490,-0.000265690000000000000000000000000,1305.78955818196,0.00328940000000000000000000000000,1,1
11,126.992996487297831959339250086,0.000396240000000000000000000000000,0.104642195163592,38.09964984688082,0.136293617582431198100000000000,60.879191485932694,0.163298793561839798100000000000,98.24027806673027,-0.380704323526129590500000000000,-98.76805909081772,-0.178381744374279226200000000000,1.09459567703448696180000000000,4.23036303017861858840000000000,-1.81181353985018,-0.000265690000000000000000000000000,1731.87778862387,0.00328940000000000000000000000000,1,1
12,123.603123269714679899849751997,0.000396240000000000000000000000000,0.101358354527163,34.60463286263143,0.136293617582431198100000000000,44.66854235014719,0.163298793561839798100000000000,88.86643403093322,-0.380704323526129590500000000000,-76.03288823194012,-0.178381744374279226200000000000,1.09459567703448696180000000000,4.23036303017861858840000000000,-1.82388201556199,-0.000265690000000000000000000000000,1654.01206729282,0.00328940000000000000000000000000,1,1
13,114.022591931813502769110866600,0.000396240000000000000000000000000,0.113842471144288,36.41069052996707,0.136293617582431198100000000000,45.965090862087436,0.163298793561839798100000000000,51.095777642921206,-0.380704323526129590500000000000,-62.03782387365112,-0.178381744374279226200000000000,1.09459567703448696180000000000,4.23036303017861858840000000000,-2.69247532278936,-0.000265690000000000000000000000000,1383.27278212804,0.00328940000000000000000000000000,1,1
14,111.641684781175991006299163224,0.000396240000000000000000000000000,0.112610140725188,30.218227217661934,0.136293617582431198100000000000,42.05434789205046,0.163298793561839798100000000000,75.16818249044402,-0.380704323526129590500000000000,-60.03157025633428,-0.178381744374279226200000000000,1.09459567703448696180000000000,4.23036303017861858840000000000,-1.46144002190308,-0.000265690000000000000000000000000,1470.08317165187,0.00328940000000000000000000000000,1,1
15,148.095557361044755696222041484,0.000396240000000000000000000000000,0.109121969925675,50.545020904465815,0.136293617582431198100000000000,55.32366604867428,0.163298793561839798100000000000,64.28679058928714,-0.380704323526129590500000000000,-91.40848607586435,-0.178381744374279226200000000000,1.09459567703448696180000000000,4.23036303017861858840000000000,-4.38998578323585,-0.000265690000000000000000000000000,1787.77190597698,0.00328940000000000000000000000000,1,1
16,149.083685992026969555463744778,0.000396240000000000000000000000000,0.101038758827035,48.07088024348073,0.136293617582431198100000000000,52.521081934653466,0.163298793561839798100000000000,86.67327065189608,-0.380704323526129590500000000000,-99.43539658524726,-0.178381744374279226200000000000,1.09459567703448696180000000000,4.23036303017861858840000000000,-3.62506424828573,-0.000265690000000000000000000000000,1900.97177868758,0.00328940000000000000000000000000,1,1
17,30.8521519933448252885487189181,0.000396240000000000000000000000000,0.103634183263213,10.554983584638535,0.136293617582431198100000000000,9.177824189369673,0.163298793561839798100000000000,15.250180307142188,-0.380704323526129590500000000000,-20.291239247022503,-0.178381744374279226200000000000,1.09459567703448696180000000000,4.23036303017861858840000000000,-0.971370795368681,-0.000265690000000000000000000000000,381.088857156717,0.00328940000000000000000000000000,1,1
18,129.398528712529844332233070468,0.000396240000000000000000000000000,0.119514364114944,36.426279105864666,0.136293617582431198100000000000,40.08778386694809,0.163298793561839798100000000000,87.13708099505769,-0.380704323526129590500000000000,-73.47583342425554,-0.178381744374279226200000000000,1.09459567703448696180000000000,4.23036303017861858840000000000,-2.18874500550142,-0.000265690000000000000000000000000,1704.28507994056,0.00328940000000000000000000000000,1,1
19,136.179413720932861509095855432,0.000396240000000000000000000000000,0.0978387313207175,45.71793318532883,0.136293617582431198100000000000,54.432298040879004,0.163298793561839798100000000000,71.11203930450631,-0.380704323526129590500000000000,-92.6406182391867,-0.178381744374279226200000000000,1.09459567703448696180000000000,4.23036303017861858840000000000,-3.58718936984730,-0.000265690000000000000000000000000,1699.35048757073,0.00328940000000000000000000000000,1,1
20,50.5508717263766616075895020267,0.000396240000000000000000000000000,0.122505638494939,16.90895985443322,0.136293617582431198100000000000,6.069876197835882,0.163298793561839798100000000000,23.755309907186458,-0.380704323526129590500000000000,-28.371851807367307,-0.178381744374279226200000000000,1.09459567703448696180000000000,4.23036303017861858840000000000,-1.81609694989963,-0.000265690000000000000000000000000,618.723325436009,0.00328940000000000000000000000000,1,1
21,19.4575637587746356001291247803,0.000396240000000000000000000000000,0.0536731297763060,1.59672173617966,0.136293617582431198100000000000,2.6146622521059157,0.163298793561839798100000000000,33.440843100921484,-0.380704323526129590500000000000,-12.405469353904778,-0.178381744374279226200000000000,1.09459567703448696180000000000,4.23036303017861858840000000000,0.0264406085233735,-0.000265690000000000000000000000000,350.444956305763,0.00328940000000000000000000000000,0,1
22,145.623317323645008802195041167,0.000396240000000000000000000000000,0.106411326624924,51.63356057946896,0.136293617582431198100000000000,60.53824154782802,0.163298793561839798100000000000,58.95363658148611,-0.380704323526129590500000000000,-95.6160888470885,-0.178381744374279226200000000000,1.09459567703448696180000000000,4.23036303017861858840000000000,-4.63299829555581,-0.000265690000000000000000000000000,1738.55345818860,0.00328940000000000000000000000000,1,1
23,47.6553724453101005000313696981,0.000396240000000000000000000000000,0.105569498722471,3.3944313481220263,0.136293617582431198100000000000,0.12468715991353463,0.163298793561839798100000000000,63.38865640769333,-0.380704323526129590500000000000,-9.800720436003331,-0.178381744374279226200000000000,1.09459567703448696180000000000,4.23036303017861858840000000000,-0.0623872469363842,-0.000265690000000000000000000000000,772.193633691485,0.00328940000000000000000000000000,1,1
24,117.413871320676580448075067079,0.000396240000000000000000000000000,0.109935788950839,48.50957097523073,0.136293617582431198100000000000,60.41074258772926,0.163298793561839798100000000000,12.511928233802479,-0.380704323526129590500000000000,-76.93823711520915,-0.178381744374279226200000000000,1.09459567703448696180000000000,4.23036303017861858840000000000,-5.95703731205246,-0.000265690000000000000000000000000,1241.33150457170,0.00328940000000000000000000000000,1,1
25,118.722115933836886672654207789,0.000396240000000000000000000000000,0.106793464960344,46.13024473521514,0.136293617582431198100000000000,54.9972867252373,0.163298793561839798100000000000,23.111982472937484,-0.380704323526129590500000000000,-73.56141224555591,-0.178381744374279226200000000000,1.09459567703448696180000000000,4.23036303017861858840000000000,-5.11228232820168,-0.000265690000000000000000000000000,1302.78372966049,0.00328940000000000000000000000000,1,1
26,34.4470077771289349075867902644,0.000396240000000000000000000000000,0.0826357152817701,4.49703283811445,0.136293617582431198100000000000,4.674874647591338,0.163298793561839798100000000000,44.65624082525366,-0.380704323526129590500000000000,-15.749665921275096,-0.178381744374279226200000000000,1.09459567703448696180000000000,4.23036303017861858840000000000,-0.0475900714703147,-0.000265690000000000000000000000000,552.853032576785,0.00328940000000000000000000000000,1,1
27,138.102793820320244807059635382,0.000396240000000000000000000000000,0.108388263712174,53.12326024878783,0.136293617582431198100000000000,60.99621556907911,0.163298793561839798100000000000,34.81876722773697,-0.380704323526129590500000000000,-89.84020507760806,-0.178381744374279226200000000000,1.09459567703448696180000000000,4.23036303017861858840000000000,-5.73140780541934,-0.000265690000000000000000000000000,1552.08231310461,0.00328940000000000000000000000000,1,1
28,137.583783969066895670322529680,0.000396240000000000000000000000000,0.111573978659462,39.79382113044235,0.136293617582431198100000000000,48.65830893102739,0.163298793561839798100000000000,88.51071724043084,-0.380704323526129590500000000000,-80.26785284330916,-0.178381744374279226200000000000,1.09459567703448696180000000000,4.23036303017861858840000000000,-2.36971406176744,-0.000265690000000000000000000000000,1793.00742668350,0.00328940000000000000000000000000,1,1
29,117.787313100828670292607708189,0.000396240000000000000000000000000,0.112750727096546,33.568762571392426,0.136293617582431198100000000000,40.4742594493616,0.163298793561839798100000000000,71.42111004914867,-0.380704323526129590500000000000,-62.34893224945892,-0.178381744374279226200000000000,1.09459567703448696180000000000,4.23036303017861858840000000000,-2.01218080679564,-0.000265690000000000000000000000000,1514.72530006380,0.00328940000000000000000000000000,1,1
30,126.628373779028128526738471202,0.000396240000000000000000000000000,0.113805736614221,41.273108085836895,0.136293617582431198100000000000,63.85127791518897,0.163298793561839798100000000000,80.39854408285666,-0.380704323526129590500000000000,-97.07385534693589,-0.178381744374279226200000000000,1.09459567703448696180000000000,4.23036303017861858840000000000,-2.48892936057318,-0.000265690000000000000000000000000,1645.97691428548,0.00328940000000000000000000000000,1,1
31,122.263078432156032583277090725,0.000396240000000000000000000000000,0.127312569557452,40.330604098346015,0.136293617582431198100000000000,44.46910634150703,0.163298793561839798100000000000,53.542971647748004,-0.380704323526129590500000000000,-69.69533577565271,-0.178381744374279226200000000000,1.09459567703448696180000000000,4.23036303017861858840000000000,-3.33961861585411,-0.000265690000000000000000000000000,1477.80505966843,0.00328940000000000000000000000000,1,1
32,27.0253581597907402137386425340,0.000396240000000000000000000000000,0.123194590806930,10.783167870688246,0.136293617582431198100000000000,12.139429657368737,0.163298793561839798100000000000,12.627048844795866,-0.380704323526129590500000000000,-24.578943907973226,-0.178381744374279226200000000000,1.09459567703448696180000000000,4.23036303017861858840000000000,-1.10470382699131,-0.000265690000000000000000000000000,330.753709856087,0.00328940000000000000000000000000,1,1
33,127.361072024274914122179362088,0.000396240000000000000000000000000,0.108358003070974,46.81327295225813,0.136293617582431198100000000000,61.93108948021603,0.163298793561839798100000000000,46.31179293744722,-0.380704323526129590500000000000,-87.95498792615346,-0.178381744374279226200000000000,1.09459567703448696180000000000,4.23036303017861858840000000000,-4.24200495424864,-0.000265690000000000000000000000000,1496.48442284331,0.00328940000000000000000000000000,1,1
34,161.088726934680908954583304925,0.000396240000000000000000000000000,0.110689780172950,53.10217541443993,0.136293617582431198100000000000,53.26407032839785,0.163298793561839798100000000000,79.3104852402657,-0.380704323526129590500000000000,-98.42439183784906,-0.178381744374279226200000000000,1.09459567703448696180000000000,4.23036303017861858840000000000,-4.45035849150235,-0.000265690000000000000000000000000,1987.80285367551,0.00328940000000000000000000000000,1,1
35,47.0359573156226967572246284049,0.000396240000000000000000000000000,0.0848451681241345,-1.262757276533705,0.136293617582431198100000000000,-7.114411887696946,0.163298793561839798100000000000,80.0140663367844,-0.380704323526129590500000000000,-4.3888785154048975,-0.178381744374279226200000000000,1.09459567703448696180000000000,4.23036303017861858840000000000,-0.147185854141979,-0.000265690000000000000000000000000,843.257412231363,0.00328940000000000000000000000000,1,1
36,153.555723205973765650559973173,0.000396240000000000000000000000000,0.111771721208505,48.974008728514264,0.136293617582431198100000000000,49.95366211274691,0.163298793561839798100000000000,87.37017862637765,-0.380704323526129590500000000000,-97.42075491499905,-0.178381744374279226200000000000,1.09459567703448696180000000000,4.23036303017861858840000000000,-3.77521726125064,-0.000265690000000000000000000000000,1949.10150022906,0.00328940000000000000000000000000,1,1
37,130.236610999498119520250246951,0.000396240000000000000000000000000,0.0917799272538874,37.30910407734882,0.136293617582431198100000000000,47.778138130443295,0.163298793561839798100000000000,94.21715988278845,-0.380704323526129590500000000000,-84.39748507704184,-0.178381744374279226200000000000,1.09459567703448696180000000000,4.23036303017861858840000000000,-2.04117966095265,-0.000265690000000000000000000000000,1745.61732116573,0.00328940000000000000000000000000,1,1
38,122.860415141627064092039278279,0.000396240000000000000000000000000,0.111376855340594,49.98989285387384,0.136293617582431198100000000000,63.06794129297583,0.163298793561839798100000000000,24.90206458691621,-0.380704323526129590500000000000,-88.005008859609,-0.178381744374279226200000000000,1.09459567703448696180000000000,4.23036303017861858840000000000,-5.70369917126642,-0.000265690000000000000000000000000,1353.31104368731,0.00328940000000000000000000000000,1,1
39,129.511519461938139454483508604,0.000396240000000000000000000000000,0.135128495499042,49.387608535524066,0.136293617582431198100000000000,64.55106595138628,0.163298793561839798100000000000,33.368745345729366,-0.380704323526129590500000000000,-84.81992206300117,-0.178381744374279226200000000000,1.09459567703448696180000000000,4.23036303017861858840000000000,-4.98062672879969,-0.000265690000000000000000000000000,1458.61262026673,0.00328940000000000000000000000000,1,1
40,123.316188622114242615567134053,0.000396240000000000000000000000000,0.123635812803973,55.46683905388599,0.136293617582431198100000000000,63.81234153289287,0.163298793561839798100000000000,-10.693875265401331,-0.380704323526129590500000000000,-78.23299312884468,-0.178381744374279226200000000000,1.09459567703448696180000000000,4.23036303017861858840000000000,-8.56821770686534,-0.000265690000000000000000000000000,1195.19054154836,0.00328940000000000000000000000000,1,1
41,26.7644327911293453459018565842,0.000396240000000000000000000000000,0.105555737979350,12.260463360557523,0.136293617582431198100000000000,8.649737814977115,0.163298793561839798100000000000,4.219723488959033,-0.380704323526129590500000000000,-22.664963918746892,-0.178381744374279226200000000000,1.09459567703448696180000000000,4.23036303017861858840000000000,-1.91740251518998,-0.000265690000000000000000000000000,289.778422932016,0.00328940000000000000000000000000,1,1
42,125.943895252840292408647194187,0.000396240000000000000000000000000,0.117026067836904,46.97058861750713,0.136293617582431198100000000000,50.82530066893602,0.163298793561839798100000000000,27.32389851642965,-0.380704323526129590500000000000,-70.50688241120233,-0.178381744374279226200000000000,1.09459567703448696180000000000,4.23036303017861858840000000000,-5.07949534992482,-0.000265690000000000000000000000000,1394.58740820069,0.00328940000000000000000000000000,1,1
43,55.1750208887565547409525923599,0.000396240000000000000000000000000,0.0975199934795251,13.265387264300529,0.136293617582431198100000000000,-1.8988277353907108,0.163298793561839798100000000000,42.41150695955707,-0.380704323526129590500000000000,-22.05396823026217,-0.178381744374279226200000000000,1.09459567703448696180000000000,4.23036303017861858840000000000,-1.07807592615281,-0.000265690000000000000000000000000,750.912298807310,0.00328940000000000000000000000000,1,1
44,132.374805097803030049369417669,0.000396240000000000000000000000000,0.108845308431031,39.025985292598165,0.136293617582431198100000000000,51.64232918209302,0.163298793561839798100000000000,85.98616524096471,-0.380704323526129590500000000000,-82.25009550826104,-0.178381744374279226200000000000,1.09459567703448696180000000000,4.23036303017861858840000000000,-2.26078081866241,-0.000265690000000000000000000000000,1729.04566915093,0.00328940000000000000000000000000,1,1
45,137.030846263409389877066991798,0.000396240000000000000000000000000,0.0976868651443098,40.157853237812645,0.136293617582431198100000000000,46.401713919740246,0.163298793561839798100000000000,93.11163857379478,-0.380704323526129590500000000000,-86.20288521605028,-0.178381744374279226200000000000,1.09459567703448696180000000000,4.23036303017861858840000000000,-2.47395565295201,-0.000265690000000000000000000000000,1808.92818361471,0.00328940000000000000000000000000,1,1
46,-10.2471021950278498659755110998,0.000396240000000000000000000000000,0.100677943689267,3.1319137431678428,0.136293617582431198100000000000,9.542365518997826,0.163298793561839798100000000000,-24.99449091963841,-0.380704323526129590500000000000,-6.109220835315412,-0.178381744374279226200000000000,1.09459567703448696180000000000,4.23036303017861858840000000000,-219.019739960738,-0.000265690000000000000000000000000,0.326760021781237,0.00328940000000000000000000000000,1,1
47,18.4145841493862489175651693617,0.000396240000000000000000000000000,0.0977169535087706,-12.564108851125269,0.136293617582431198100000000000,-2.5977418264319567,0.163298793561839798100000000000,89.98113292284773,-0.380704323526129590500000000000,-4.289760301960143,-0.178381744374279226200000000000,1.09459567703448696180000000000,4.23036303017861858840000000000,-1.16728442472936,-0.000265690000000000000000000000000,604.069465949366,0.00328940000000000000000000000000,1,1
48,11.8232718425902229274354266760,0.000396240000000000000000000000000,0.0769908428056365,11.759178252702299,0.136293617582431198100000000000,6.933440696089519,0.163298793561839798100000000000,-26.8110313662512,-0.380704323526129590500000000000,-11.384591927998372,-0.178381744374279226200000000000,1.09459567703448696180000000000,4.23036303017861858840000000000,-27.0552181846308,-0.000265690000000000000000000000000,20.9069600170260,0.00328940000000000000000000000000,1,1
49,141.109269748718752103479309989,0.000396240000000000000000000000000,0.105144963754914,44.57728558245938,0.136293617582431198100000000000,58.791482845060926,0.163298793561839798100000000000,85.32591098508573,-0.380704323526129590500000000000,-95.36581570850777,-0.178381744374279226200000000000,1.09459567703448696180000000000,4.23036303017861858840000000000,-2.92278663056335,-0.000265690000000000000000000000000,1814.26095433801,0.00328940000000000000000000000000,1,1
50,123.911304394603805715338569334,0.000396240000000000000000000000000,0.0938825984494383,38.22348088104209,0.136293617582431198100000000000,55.35501847548136,0.163298793561839798100000000000,82.94000692243571,-0.380704323526129590500000000000,-88.04963167861601,-0.178381744374279226200000000000,1.09459567703448696180000000000,4.23036303017861858840000000000,-2.19363565062702,-0.000265690000000000000000000000000,1630.11851784599,0.00328940000000000000000000000000,1,1
51,28.8724195391405558890835204305,0.000396240000000000000000000000000,0.0906521823636954,6.136981338942846,0.136293617582431198100000000000,0.0774393471866972,0.163298793561839798100000000000,31.28248423849263,-0.380704323526129590500000000000,-16.693437599078536,-0.178381744374279226200000000000,1.09459567703448696180000000000,4.23036303017861858840000000000,-0.375986224560168,-0.000265690000000000000000000000000,435.051994136820,0.00328940000000000000000000000000,1,1
52,128.055394894080632265893151246,0.000396240000000000000000000000000,0.112218999758242,37.04332824824726,0.136293617582431198100000000000,45.11243168782627,0.163298793561839798100000000000,90.5220259668732,-0.380704323526129590500000000000,-82.12784034574324,-0.178381744374279226200000000000,1.09459567703448696180000000000,4.23036303017861858840000000000,-2.14274394803595,-0.000265690000000000000000000000000,1706.63225095136,0.00328940000000000000000000000000,1,1
53,141.531304874756871094387679360,0.000396240000000000000000000000000,0.116797140638321,46.74579572133834,0.136293617582431198100000000000,49.42286964074546,0.163298793561839798100000000000,61.57875121703569,-0.380704323526129590500000000000,-80.07638408080041,-0.178381744374279226200000000000,1.09459567703448696180000000000,4.23036303017861858840000000000,-3.95151111044769,-0.000265690000000000000000000000000,1708.87441479019,0.00328940000000000000000000000000,1,1
54,133.081803440664522595700746857,0.000396240000000000000000000000000,0.111845392715168,58.651204813836216,0.136293617582431198100000000000,73.06462564065691,0.163298793561839798100000000000,7.595856080561703,-0.380704323526129590500000000000,-97.79285638762053,-0.178381744374279226200000000000,1.09459567703448696180000000000,4.23036303017861858840000000000,-7.97789734106476,-0.000265690000000000000000000000000,1377.66407787018,0.00328940000000000000000000000000,1,1
55,17.3105263345365723195485199406,0.000396240000000000000000000000000,0.115590837024121,7.968370795163111,0.136293617582431198100000000000,9.351319369852831,0.163298793561839798100000000000,-11.483781558674536,-0.380704323526129590500000000000,-2.725896027311009,-0.178381744374279226200000000000,1.09459567703448696180000000000,4.23036303017861858840000000000,-1.80016424426620,-0.000265690000000000000000000000000,121.948885299224,0.00328940000000000000000000000000,1,1
56,30.0963363384349985064728229415,0.000396240000000000000000000000000,0.0912640395634476,5.076362551162575,0.136293617582431198100000000000,7.340564831525526,0.163298793561839798100000000000,39.241446730246196,-0.380704323526129590500000000000,-19.589541803550645,-0.178381744374279226200000000000,1.09459567703448696180000000000,4.23036303017861858840000000000,-0.0486024806938396,-0.000265690000000000000000000000000,484.148034782840,0.00328940000000000000000000000000,1,1
57,-19.7913449737809692727315305970,0.000396240000000000000000000000000,0.102992127436060,9.909451007465037,0.136293617582431198100000000000,10.66409286275423,0.163298793561839798100000000000,-75.87981866376208,-0.380704323526129590500000000000,-1.075110120850809,-0.178381744374279226200000000000,1.09459567703448696180000000000,4.23036303017861858840000000000,-551.841283980311,-0.000265690000000000000000000000000,0.901028365167268,0.00328940000000000000000000000000,1,1
58,29.1319773750094389217984357952,0.000396240000000000000000000000000,0.0770470962563998,10.775035347653358,0.136293617582431198100000000000,-0.3973147527881906,0.163298793561839798100000000000,-5.815159466411629,-0.380704323526129590500000000000,-1.9698189190989552,-0.178381744374279226200000000000,1.09459567703448696180000000000,4.23036303017861858840000000000,-1.91745862200828,-0.000265690000000000000000000000000,266.633917972910,0.00328940000000000000000000000000,1,1
59,25.2925141485274540231109899930,0.000396240000000000000000000000000,0.105226069391337,11.670445045342333,0.136293617582431198100000000000,7.6250749653087695,0.163298793561839798100000000000,-10.868749229983266,-0.380704323526129590500000000000,-8.072628658139578,-0.178381744374279226200000000000,1.09459567703448696180000000000,4.23036303017861858840000000000,-2.53603050197054,-0.000265690000000000000000000000000,205.454445662066,0.00328940000000000000000000000000,1,1
60,144.407838563192868332289344674,0.000396240000000000000000000000000,0.119086044711709,49.613361923189245,0.136293617582431198100000000000,62.12766440444935,0.163298793561839798100000000000,65.47470134207529,-0.380704323526129590500000000000,-94.99721734022656,-0.178381744374279226200000000000,1.09459567703448696180000000000,4.23036303017861858840000000000,-4.04696032855008,-0.000265690000000000000000000000000,1756.15673502862,0.00328940000000000000000000000000,1,1
61,122.955897405379728659803327358,0.000396240000000000000000000000000,0.0965412205969572,34.509830976452406,0.136293617582431198100000000000,49.99987341563701,0.163298793561839798100000000000,94.72002039178986,-0.380704323526129590500000000000,-83.0886340439735,-0.178381744374279226200000000000,1.09459567703448696180000000000,4.23036303017861858840000000000,-1.61766296825253,-0.000265690000000000000000000000000,1674.65729622013,0.00328940000000000000000000000000,1,1
62,1.10134695788467957533660133445,0.000396240000000000000000000000000,0.102620492910905,9.53039120178451,0.136293617582431198100000000000,9.992982384836154,0.163298793561839798100000000000,-42.36297426178388,-0.380704323526129590500000000000,-2.532887950132846,-0.178381744374279226200000000000,1.09459567703448696180000000000,4.23036303017861858840000000000,-187.878447128290,-0.000265690000000000000000000000000,2.07046507904471,0.00328940000000000000000000000000,1,1
63,60.5474050324420103258795143185,0.000396240000000000000000000000000,0.115565608449953,4.593073060918144,0.136293617582431198100000000000,5.553700408312807,0.163298793561839798100000000000,95.12176333398241,-0.380704323526129590500000000000,-28.23784157412331,-0.178381744374279226200000000000,1.09459567703448696180000000000,4.23036303017861858840000000000,0.0354948928129092,-0.000265690000000000000000000000000,1048.92351730149,0.00328940000000000000000000000000,0,1
64,106.444507283959509582370028896,0.000396240000000000000000000000000,0.131734473485529,38.21034632031564,0.136293617582431198100000000000,47.7054929097406,0.163298793561839798100000000000,32.56000268779792,-0.380704323526129590500000000000,-63.06702266694467,-0.178381744374279226200000000000,1.09459567703448696180000000000,4.23036303017861858840000000000,-3.55770315684385,-0.000265690000000000000000000000000,1222.06044666769,0.00328940000000000000000000000000,1,1
65,137.567084652234446875515079396,0.000396240000000000000000000000000,0.131524610838911,61.43980120272852,0.136293617582431198100000000000,66.28368006643646,0.163298793561839798100000000000,-8.523927638903928,-0.380704323526129590500000000000,-87.37765715899837,-0.178381744374279226200000000000,1.09459567703448696180000000000,4.23036303017861858840000000000,-9.46759536217961,-0.000265690000000000000000000000000,1348.96284985684,0.00328940000000000000000000000000,1,1
66,113.391643201698547282210782220,0.000396240000000000000000000000000,0.126850766333846,28.220953536921996,0.136293617582431198100000000000,36.931829075942005,0.163298793561839798100000000000,92.04595642536248,-0.380704323526129590500000000000,-63.49563681288976,-0.178381744374279226200000000000,1.09459567703448696180000000000,4.23036303017861858840000000000,-1.16543752161629,-0.000265690000000000000000000000000,1565.71311082820,0.00328940000000000000000000000000,1,1
67,96.4795016882408411432240517804,0.000396240000000000000000000000000,0.133218878268593,39.836336477861124,0.136293617582431198100000000000,53.3875026254816,0.163298793561839798100000000000,-1.043771735642025,-0.380704323526129590500000000000,-53.65787748542853,-0.178381744374279226200000000000,1.09459567703448696180000000000,4.23036303017861858840000000000,-5.06163406719416,-0.000265690000000000000000000000000,967.575243143155,0.00328940000000000000000000000000,1,1
68,17.6035393824318793995471086919,0.000396240000000000000000000000000,0.0964398727275814,13.646955657332981,0.136293617582431198100000000000,8.36547809067298,0.163298793561839798100000000000,-22.50468793956695,-0.380704323526129590500000000000,-16.06257935009789,-0.178381744374279226200000000000,1.09459567703448696180000000000,4.23036303017861858840000000000,-9.21440710873437,-0.000265690000000000000000000000000,81.0172030598777,0.00328940000000000000000000000000,1,1
69,109.374904939230461014942305025,0.000396240000000000000000000000000,0.111439519018397,42.11998409706683,0.136293617582431198100000000000,56.38726880801502,0.163298793561839798100000000000,24.398333067095024,-0.380704323526129590500000000000,-70.35897655082688,-0.178381744374279226200000000000,1.09459567703448696180000000000,4.23036303017861858840000000000,-4.33055058571163,-0.000265690000000000000000000000000,1214.39586642772,0.00328940000000000000000000000000,1,1
70,154.263265823689518936150059882,0.000396240000000000000000000000000,0.115886654521905,49.89502864897284,0.136293617582431198100000000000,57.81245174958255,0.163298793561839798100000000000,81.444390424721,-0.380704323526129590500000000000,-96.83310934485293,-0.178381744374279226200000000000,1.09459567703448696180000000000,4.23036303017861858840000000000,-3.76908740304819,-0.000265690000000000000000000000000,1928.77789501644,0.00328940000000000000000000000000,1,1
71,12.8018900430022446749897874759,0.000396240000000000000000000000000,0.0402981510294552,4.372354613792467,0.136293617582431198100000000000,2.565216188529689,0.163298793561839798100000000000,2.7785566796352867,-0.380704323526129590500000000000,-4.852057386514289,-0.178381744374279226200000000000,1.09459567703448696180000000000,4.23036303017861858840000000000,-0.499771616583982,-0.000265690000000000000000000000000,141.692814668611,0.00328940000000000000000000000000,1,1
72,134.952074033953274344318583671,0.000396240000000000000000000000000,0.103977827373757,48.259047714492795,0.136293617582431198100000000000,52.82177318473498,0.163298793561839798100000000000,45.97417468276012,-0.380704323526129590500000000000,-81.65394492862802,-0.178381744374279226200000000000,1.09459567703448696180000000000,4.23036303017861858840000000000,-4.64583635317609,-0.000265690000000000000000000000000,1571.16230345590,0.00328940000000000000000000000000,1,1
73,138.101684531899145094372637534,0.000396240000000000000000000000000,0.121902000012218,57.41401618623988,0.136293617582431198100000000000,68.09415490733812,0.163298793561839798100000000000,16.59306529539917,-0.380704323526129590500000000000,-93.02034621446612,-0.178381744374279226200000000000,1.09459567703448696180000000000,4.23036303017861858840000000000,-7.18106239574066,-0.000265690000000000000000000000000,1468.89194274759,0.00328940000000000000000000000000,1,1
74,131.284163085226045395068786171,0.000396240000000000000000000000000,0.0942867338542381,44.432574951811034,0.136293617582431198100000000000,58.33400845068394,0.163298793561839798100000000000,67.05038470478394,-0.380704323526129590500000000000,-90.83476967459288,-0.178381744374279226200000000000,1.09459567703448696180000000000,4.23036303017861858840000000000,-3.36665245555932,-0.000265690000000000000000000000000,1631.28835095897,0.00328940000000000000000000000000,1,1
75,134.249940034800883779163685454,0.000396240000000000000000000000000,0.0944716718578144,39.57307963081948,0.136293617582431198100000000000,50.06774668577566,0.163298793561839798100000000000,88.93065187956503,-0.380704323526129590500000000000,-84.4231163456969,-0.178381744374279226200000000000,1.09459567703448696180000000000,4.23036303017861858840000000000,-2.34631680465990,-0.000265690000000000000000000000000,1761.57542957891,0.00328940000000000000000000000000,1,1
76,22.1123460759481992141098607019,0.000396240000000000000000000000000,0.0832014150564936,13.217180983277927,0.136293617582431198100000000000,4.821320399025936,0.163298793561839798100000000000,-20.642076124913245,-0.380704323526129590500000000000,-9.195126516327576,-0.178381744374279226200000000000,1.09459567703448696180000000000,4.23036303017861858840000000000,-5.49399158490874,-0.000265690000000000000000000000000,131.046900974090,0.00328940000000000000000000000000,1,1
77,28.7423035075149144431052478949,0.000396240000000000000000000000000,0.0817508473323697,4.479782217720938,0.136293617582431198100000000000,6.145556204437085,0.163298793561839798100000000000,38.343186225681336,-0.380704323526129590500000000000,-17.738459457525877,-0.178381744374279226200000000000,1.09459567703448696180000000000,4.23036303017861858840000000000,-0.0364705242915006,-0.000265690000000000000000000000000,466.372464999244,0.00328940000000000000000000000000,1,1
78,140.045945500594955811331438643,0.000396240000000000000000000000000,0.114262808345741,43.174926907931564,0.136293617582431198100000000000,46.93576664896716,0.163298793561839798100000000000,86.00065269236609,-0.380704323526129590500000000000,-88.64175716100178,-0.178381744374279226200000000000,1.09459567703448696180000000000,4.23036303017861858840000000000,-3.03197805388338,-0.000265690000000000000000000000000,1806.61995474279,0.00328940000000000000000000000000,1,1
79,111.513500347080992902328514470,0.000396240000000000000000000000000,0.121073903419220,38.62461123868138,0.136293617582431198100000000000,50.06767700195246,0.163298793561839798100000000000,37.028589100406805,-0.380704323526129590500000000000,-62.81243435586526,-0.178381744374279226200000000000,1.09459567703448696180000000000,4.23036303017861858840000000000,-3.32882835641233,-0.000265690000000000000000000000000,1293.43220308999,0.00328940000000000000000000000000,1,1
80,121.282485602612009198454698067,0.000396240000000000000000000000000,0.113111181549450,30.30557517652352,0.136293617582431198100000000000,38.75287623460767,0.163298793561839798100000000000,91.0475845056975,-0.380704323526129590500000000000,-61.48405141680578,-0.178381744374279226200000000000,1.09459567703448696180000000000,4.23036303017861858840000000000,-1.32872656600859,-0.000265690000000000000000000000000,1640.30036891367,0.00328940000000000000000000000000,1,1
81,138.646338057950857267570991166,0.000396240000000000000000000000000,0.0962946004822458,48.42678769126664,0.136293617582431198100000000000,58.26512148525006,0.163298793561839798100000000000,60.67354548146076,-0.380704323526129590500000000000,-92.23437262905124,-0.178381744374279226200000000000,1.09459567703448696180000000000,4.23036303017861858840000000000,-4.14650607721128,-0.000265690000000000000000000000000,1676.14274402076,0.00328940000000000000000000000000,1,1
82,30.3146684720728849483672048013,0.000396240000000000000000000000000,0.0836698612803211,12.266219825028998,0.136293617582431198100000000000,0.17296151008964955,0.163298793561839798100000000000,-8.95732690169784,-0.380704323526129590500000000000,-3.9911828710826143,-0.178381744374279226200000000000,1.09459567703448696180000000000,4.23036303017861858840000000000,-2.47756248649086,-0.000265690000000000000000000000000,264.435846668445,0.00328940000000000000000000000000,1,1
83,131.556921453435120680580741709,0.000396240000000000000000000000000,0.127057096048298,36.38584652910268,0.136293617582431198100000000000,42.53495028302703,0.163298793561839798100000000000,82.23359280243383,-0.380704323526129590500000000000,-66.57285437241855,-0.178381744374279226200000000000,1.09459567703448696180000000000,4.23036303017861858840000000000,-2.11068221372128,-0.000265690000000000000000000000000,1703.06651080248,0.00328940000000000000000000000000,1,1
84,115.115722219072458651422672287,0.000396240000000000000000000000000,0.108270381172936,45.13879843494067,0.136293617582431198100000000000,55.87730491939399,0.163298793561839798100000000000,20.392903310651008,-0.380704323526129590500000000000,-71.82087212216658,-0.178381744374279226200000000000,1.09459567703448696180000000000,4.23036303017861858840000000000,-5.02848445844862,-0.000265690000000000000000000000000,1253.95066955057,0.00328940000000000000000000000000,1,1
85,135.313067127148577384027566849,0.000396240000000000000000000000000,0.119202276153103,40.73966312508267,0.136293617582431198100000000000,42.57196035764338,0.163298793561839798100000000000,70.89025172446648,-0.380704323526129590500000000000,-69.71068130729412,-0.178381744374279226200000000000,1.09459567703448696180000000000,4.23036303017861858840000000000,-2.94994429248950,-0.000265690000000000000000000000000,1688.76583132507,0.00328940000000000000000000000000,1,1
86,119.040809257379000558042625729,0.000396240000000000000000000000000,0.111646359064124,54.84419257651359,0.136293617582431198100000000000,68.82157473616058,0.163298793561839798100000000000,-7.914488923174503,-0.380704323526129590500000000000,-84.92934495595821,-0.178381744374279226200000000000,1.09459567703448696180000000000,4.23036303017861858840000000000,-8.37354225194709,-0.000265690000000000000000000000000,1165.20415321877,0.00328940000000000000000000000000,1,1
87,151.365110595973854867426983736,0.000396240000000000000000000000000,0.0940946620526635,50.59178152534727,0.136293617582431198100000000000,53.747376438469246,0.163298793561839798100000000000,74.41847439943479,-0.380704323526129590500000000000,-96.20183532549902,-0.178381744374279226200000000000,1.09459567703448696180000000000,4.23036303017861858840000000000,-4.21667567371187,-0.000265690000000000000000000000000,1867.43791116024,0.00328940000000000000000000000000,1,1
88,114.125318540301588825972183297,0.000396240000000000000000000000000,0.113967701911353,36.17894308149653,0.136293617582431198100000000000,51.342291480987654,0.163298793561839798100000000000,60.500197095088225,-0.380704323526129590500000000000,-70.78550437359459,-0.178381744374279226200000000000,1.09459567703448696180000000000,4.23036303017861858840000000000,-2.36206052514519,-0.000265690000000000000000000000000,1427.82164200359,0.00328940000000000000000000000000,1,1
89,36.6819394546969727705639062740,0.000396240000000000000000000000000,0.0815377092224602,0.22899392285484055,0.136293617582431198100000000000,3.1107431359843787,0.163298793561839798100000000000,70.15327407574225,-0.380704323526129590500000000000,-17.687070554095357,-0.178381744374279226200000000000,1.09459567703448696180000000000,4.23036303017861858840000000000,0.0626422287184404,-0.000265690000000000000000000000000,693.687822058667,0.00328940000000000000000000000000,0,1
90,114.668465701896805949978975025,0.000396240000000000000000000000000,0.118554784849214,43.093655550232654,0.136293617582431198100000000000,53.4003764633583,0.163298793561839798100000000000,24.59422546213699,-0.380704323526129590500000000000,-67.00847169219676,-0.178381744374279226200000000000,1.09459567703448696180000000000,4.23036303017861858840000000000,-4.46832940947836,-0.000265690000000000000000000000000,1268.40241745418,0.00328940000000000000000000000000,1,1
91,143.452803543968888635101486984,0.000396240000000000000000000000000,0.104159086245470,42.90555352103286,0.136293617582431198100000000000,49.92935110408615,0.163298793561839798100000000000,88.56201761234803,-0.380704323526129590500000000000,-86.08184128962517,-0.178381744374279226200000000000,1.09459567703448696180000000000,4.23036303017861858840000000000,-2.79021449037706,-0.000265690000000000000000000000000,1852.47346180563,0.00328940000000000000000000000000,1,1
92,18.4686735524041639770069534232,0.000396240000000000000000000000000,0.0868329496945078,0.5560874741739781,0.136293617582431198100000000000,5.4060248381399845,0.163298793561839798100000000000,32.57199844883971,-0.380704323526129590500000000000,-9.166198356401594,-0.178381744374279226200000000000,1.09459567703448696180000000000,4.23036303017861858840000000000,0.108058794583052,-0.000265690000000000000000000000000,336.474115441146,0.00328940000000000000000000000000,0,1
93,38.9455806553582421065862178797,0.000396240000000000000000000000000,0.0940867236336428,8.6436784398134,0.136293617582431198100000000000,1.3462044324332254,0.163298793561839798100000000000,23.36592306443457,-0.380704323526129590500000000000,-7.154453754662285,-0.178381744374279226200000000000,1.09459567703448696180000000000,4.23036303017861858840000000000,-0.614990028100230,-0.000265690000000000000000000000000,499.382838646423,0.00328940000000000000000000000000,1,1
94,-3.67669844592448015716715698760,0.000396240000000000000000000000000,0.119698190863944,9.541589210226348,0.136293617582431198100000000000,11.914624706803806,0.163298793561839798100000000000,-46.34879389175461,-0.380704323526129590500000000000,-5.659451061968397,-0.178381744374279226200000000000,1.09459567703448696180000000000,4.23036303017861858840000000000,-253.757438063508,-0.000265690000000000000000000000000,1.59456856847776,0.00328940000000000000000000000000,1,1
95,116.822044076186244710353520669,0.000396240000000000000000000000000,0.108884499886952,38.559487962139826,0.136293617582431198100000000000,45.891389117252885,0.163298793561839798100000000000,48.17372774267386,-0.380704323526129590500000000000,-64.76964918695296,-0.178381744374279226200000000000,1.09459567703448696180000000000,4.23036303017861858840000000000,-3.12538588451146,-0.000265690000000000000000000000000,1398.15107560969,0.00328940000000000000000000000000,1,1
96,121.263661575491417137882930595,0.000396240000000000000000000000000,0.109891980419372,39.972894970947664,0.136293617582431198100000000000,57.535189901380164,0.163298793561839798100000000000,65.3927616121718,-0.380704323526129590500000000000,-83.40717696272046,-0.178381744374279226200000000000,1.09459567703448696180000000000,4.23036303017861858840000000000,-2.71961275343589,-0.000265690000000000000000000000000,1522.55463808303,0.00328940000000000000000000000000,1,1
97,123.481821573241966667239508012,0.000396240000000000000000000000000,0.0918027024544416,36.41346881792683,0.136293617582431198100000000000,49.1400109955043,0.163298793561839798100000000000,82.46731100361194,-0.380704323526129590500000000000,-79.05489301356067,-0.178381744374279226200000000000,1.09459567703448696180000000000,4.23036303017861858840000000000,-2.06145888690871,-0.000265690000000000000000000000000,1623.36103575478,0.00328940000000000000000000000000,1,1
98,135.681528735387838093456561628,0.000396240000000000000000000000000,0.117300392693711,36.96989762946296,0.136293617582431198100000000000,42.14626195706737,0.163298793561839798100000000000,90.37532322478157,-0.380704323526129590500000000000,-70.98050477855699,-0.178381744374279226200000000000,1.09459567703448696180000000000,4.23036303017861858840000000000,-2.08856422835255,-0.000265690000000000000000000000000,1782.21572053676,0.00328940000000000000000000000000,1,1
